queryId,hotel_id,price,stock
2026,906,133,0
2026,583,69,0
2026,728,255,0
2026,390,184,0
2026,344,67,5
2026,816,79,5
2026,651,108,5
2026,513,73,0
2026,156,68,0
2026,316,179,1
2026,191,153,6
2026,144,75,0
2026,874,226,4
2026,178,278,10
2026,232,72,0
2026,112,72,0
2026,73,265,4
2026,944,258,0
2026,712,211,6
2026,993,246,4
2026,3,67,0
2026,856,70,0
2026,453,362,6
2026,991,159,8
2026,763,114,4
2026,473,262,10
2026,380,72,0
2026,751,255,11
2026,563,181,0
2026,260,99,0
2026,769,75,0
2026,566,218,8
2026,298,154,0
2026,341,115,5
2026,774,191,4
2026,864,154,6
2026,642,73,0
2026,773,80,5
2026,696,92,0
2026,281,152,2
2026,286,118,5
2026,804,151,1
2026,701,68,5
2026,854,357,6
2026,296,66,0
2026,555,154,0
2026,725,178,0
2026,895,291,6
2026,759,192,5
2026,586,260,4
2026,361,153,3
2026,644,66,0
2026,636,92,0
2026,345,128,0
2026,471,149,30
2026,242,262,4
2026,347,75,0
2026,850,209,5
2026,180,70,0
2026,929,362,6
2026,51,153,4
2026,932,128,0
2026,843,362,6
2026,437,94,0
2026,897,364,6
2026,694,140,2
2026,496,77,8
2026,838,154,0
2026,330,355,6
2026,386,98,0
2026,170,153,6
2026,364,157,0
2026,714,70,0
2026,552,91,0
2026,38,92,0
2026,452,255,4
2026,824,324,6
2026,677,204,6
2026,913,157,6
2026,641,152,2
2026,671,132,0
2026,840,101,12
2026,42,239,4
2026,151,287,12
2026,139,72,0
2026,228,128,0
2026,934,72,0
2026,739,262,4
2026,668,110,0
2026,650,71,0
2026,469,80,4
2026,947,156,6
2026,206,165,13
2026,686,108,2
2026,129,110,4
2026,114,151,6
2026,550,74,4
2026,796,150,6
2026,485,80,2
2026,213,92,0
2026,569,152,2
2026,537,181,8
2026,781,68,0
2026,907,133,0
2026,324,156,0
2026,328,68,0
2026,48,67,0
2026,681,157,0
2026,381,127,0
2026,786,357,6
2026,396,125,4
2026,486,182,8
2026,293,67,0
2026,621,72,0
2026,953,147,2
2026,536,117,1
2026,374,96,0
2026,543,196,5
2026,659,204,7
2026,273,133,0
2027,162,263,158
2027,28,122,64
2027,708,157,78
2027,656,108,70
2027,634,84,35
2027,216,188,118
2027,972,81,32
2027,357,157,81
2027,573,292,158
2027,176,87,29
2027,617,286,160
2027,558,85,33
2027,942,176,109
2027,331,83,64
2027,0,176,115
2027,980,111,68
2027,69,257,202
2027,95,255,184
2027,207,168,86
2027,477,81,90
2027,884,179,120
2027,767,157,79
2027,14,153,72
2027,327,189,110
2027,123,108,63
2027,248,176,116
2027,776,162,85
2027,41,113,64
2027,564,94,33
2027,229,177,118
2027,640,155,78
2027,165,154,91
2027,645,160,82
2027,998,188,122
2027,159,177,126
2027,421,117,70
2027,808,247,155
2027,756,186,110
2027,17,83,37
2027,492,112,72
2027,790,255,163
2027,274,153,84
2027,742,241,159
2027,119,177,125
2027,397,271,167
2027,66,141,93
2027,56,186,119
2027,130,177,111
2027,885,168,78
2027,584,259,180
2027,62,78,36
2027,631,82,34
2027,199,191,111
2027,853,150,85
2027,614,85,35
2027,415,119,66
2027,963,113,70
2027,663,152,89
2027,526,271,167
2027,148,114,64
2027,192,116,35
2027,27,256,177
2027,225,160,80
2027,379,266,173
2027,926,176,120
2027,150,181,111
2027,595,150,90
2027,889,153,82
2027,29,186,118
2027,599,105,77
2027,412,271,183
2027,227,82,34
2027,339,185,115
2027,700,181,141
2027,94,255,203
2027,705,125,65
2027,837,247,175
2027,577,164,80
2027,115,109,75
2027,741,165,80
2027,342,115,37
2027,782,271,176
2027,602,108,38
2027,803,278,164
2027,882,185,117
2027,49,160,92
2027,522,110,68
2027,571,256,165
2027,723,78,35
2027,734,119,66
2027,903,87,76
2027,560,156,82
2027,797,117,73
2027,817,191,111
2027,308,188,110
2027,540,267,173
2027,436,252,196
2027,841,80,75
2027,259,115,58
2027,290,168,78
2027,795,169,84
2027,948,188,120
2027,534,256,173
2027,576,189,111
2027,986,188,120
2027,970,257,179
2027,866,256,182
2027,579,81,36
2027,910,85,36
2027,722,155,81
2027,419,108,72
2027,467,260,164
2027,121,80,38
2027,792,84,81
2027,323,263,164
2027,314,117,66
2027,338,183,108
2027,868,174,121
2027,65,154,90
2027,842,293,152
2027,392,165,84
2027,299,108,82
2027,182,155,96
2027,257,157,78
2027,684,82,34
2027,748,179,135
2027,975,162,78
2027,222,255,163
2027,946,181,112
2027,612,181,119
2027,188,86,38
2027,731,157,80
2027,825,164,86
2027,736,188,118
2027,851,84,73
2027,949,276,159
2027,629,89,68
2027,582,191,119
2027,785,181,113
2027,447,108,70
2027,823,183,115
2027,863,256,185
2027,911,114,79
2027,735,108,63
2027,359,119,64
2027,738,114,71
2027,254,160,86
2027,21,80,38
2027,858,177,119
2027,912,168,80
2027,580,119,61
2027,24,249,197
2027,937,180,113
2027,306,191,111
2027,133,161,81
2027,132,252,169
2028,426,100,72
2028,239,258,172
2028,613,160,123
2028,403,259,172
2028,168,246,180
2028,179,112,73
2028,549,102,39
2028,565,252,177
2028,919,76,36
2028,210,102,68
2028,890,79,36
2028,173,106,71
2028,152,162,142
2028,245,135,41
2028,268,106,73
2028,35,80,38
2028,784,107,67
2028,226,103,73
2028,755,77,38
2028,672,170,125
2028,928,80,39
2028,940,147,82
2028,977,112,68
2028,810,102,77
2028,63,148,92
2028,833,150,86
2028,315,250,176
2028,931,173,127
2028,524,177,128
2028,511,156,136
2028,775,81,35
2028,250,236,180
2028,662,168,126
2028,368,76,37
2028,713,168,122
2028,15,250,187
2028,610,77,36
2028,661,100,73
2028,652,99,72
2028,635,99,77
2028,920,103,72
2028,530,101,39
2028,275,106,72
2028,171,70,67
2028,927,170,125
2028,33,137,88
2028,848,168,139
2028,877,81,37
2028,64,81,72
2028,699,112,68
2028,996,100,77
2028,343,78,39
2028,943,184,122
2028,875,109,34
2028,846,164,125
2028,456,136,92
2028,184,247,173
2028,37,168,130
2028,675,104,36
2028,462,81,37
2028,167,79,35
2028,730,169,134
2028,372,95,69
2028,255,168,122
2028,666,79,76
2028,626,105,73
2028,457,142,36
2028,979,141,93
2028,8,103,72
2028,354,94,39
2028,219,160,122
2028,704,107,36
2028,266,78,37
2028,438,107,34
2028,839,169,128
2028,535,140,96
2028,924,138,91
2028,428,103,83
2028,382,143,89
2028,98,145,94
2028,693,239,187
2028,220,71,79
2028,801,175,122
2028,195,142,38
2028,11,164,134
2028,70,168,130
2028,87,163,139
2028,116,101,37
2028,682,141,35
2028,336,112,71
2028,128,175,123
2028,646,109,70
2028,236,78,32
2028,692,239,196
2028,753,146,98
2028,26,162,123
2028,263,106,77
2028,57,154,92
2029,643,72,40
2029,709,132,94
2029,466,127,100
2029,598,131,100
2029,965,124,98
2029,404,130,39
2029,491,154,139
2029,754,224,185
2029,718,123,94
2029,282,123,92
2029,376,156,135
2029,295,68,38
2029,237,128,93
2029,377,124,100
2029,905,124,106
2029,512,161,128
2029,200,127,94
2029,360,157,130
2029,424,148,141
2029,334,74,41
2029,861,156,127
2029,985,65,80
2029,832,121,76
2029,749,99,37
2029,55,98,74
2029,371,90,80
2029,400,87,92
2029,501,72,38
2029,988,125,93
2029,325,94,40
2029,521,65,42
2029,160,90,38
2029,81,124,102
2029,480,65,40
2029,389,96,74
2029,719,149,151
2029,363,124,96
2029,504,146,134
2029,244,230,180
2029,592,222,178
2029,639,146,138
2029,746,145,132
2029,732,157,140
2029,859,129,82
2029,476,121,44
2030,911,153,3
2030,756,301,0
2030,577,187,0
2030,631,82,0
2030,447,135,0
2030,738,143,0
2030,62,86,0
2030,41,135,0
2030,216,240,2
2030,705,143,0
2030,742,417,0
2030,49,161,0
2030,449,221,0
2030,808,440,0
2030,130,315,0
2030,150,226,9
2030,992,82,0
2030,69,252,38
2030,379,430,0
2030,573,424,0
2030,926,187,7
2030,634,87,0
2030,339,315,0
2030,722,192,0
2030,207,164,0
2030,29,318,0
2030,903,89,0
2030,28,199,0
2030,882,221,0
2030,612,226,0
2030,629,87,0
2030,484,137,0
2030,797,145,0
2030,148,114,0
2030,305,192,0
2030,656,150,0
2030,803,363,0
2030,436,246,10
2030,182,162,0
2030,663,155,2
2030,299,115,0
2030,795,165,0
2030,257,187,0
2030,972,100,3
2030,684,85,0
2030,331,98,0
2030,602,115,0
2030,274,190,0
2030,776,159,0
2030,731,187,0
2030,863,455,0
2030,357,187,0
2030,825,187,1
2030,735,193,0
2030,736,224,0
2030,841,87,0
2030,595,187,0
2030,419,135,0
2030,132,447,0
2030,558,102,0
2030,27,353,0
2030,792,85,2
2030,359,141,0
2030,227,85,0
2030,868,286,0
2030,254,164,0
2030,614,88,0
2030,290,190,0
2030,584,460,0
2030,571,455,0
2030,492,117,0
2030,522,196,0
2030,963,135,0
2030,477,84,0
2030,782,369,0
2030,392,189,0
2030,579,85,0
2030,115,107,16
2030,884,222,0
2030,640,192,0
2030,66,185,0
2030,159,315,0
2030,14,156,0
2030,708,187,0
2030,259,137,0
2030,817,301,0
2030,314,117,0
2030,937,280,0
2030,647,143,0
2030,65,161,0
2030,342,120,0
2030,790,453,0
2030,576,226,0
2030,823,313,0
2030,474,182,0
2030,975,165,2
2030,980,114,0
2030,95,453,0
2030,225,190,0
2030,842,442,0
2030,534,398,0
2030,837,418,0
2030,948,296,0
2030,723,86,0
2030,301,133,0
2030,617,447,0
2030,580,141,4
2030,509,89,0
2030,397,426,0
2030,165,161,0
2030,94,250,34
2030,121,83,0
2030,306,226,0
2030,748,318,0
2030,910,88,0
2030,248,313,0
2030,176,86,0
2030,767,187,0
2030,229,221,0
2030,238,159,0
2030,700,177,53
2030,889,190,0
2030,866,455,0
2030,949,394,0
2030,467,255,41
2030,222,339,1
2030,946,323,0
2030,564,92,0
2030,560,185,0
2030,885,190,0
2030,24,409,0
2030,412,265,61
2030,199,228,0
2030,327,226,0
2030,853,187,0
2030,338,196,10
2030,188,85,7
2030,785,283,0
2030,942,313,0
2030,970,404,0
2030,645,161,0
2030,998,224,0
2030,133,158,0
2030,119,315,0
2030,734,141,0
2030,123,155,0
2030,599,103,9
2030,858,299,0
2030,21,86,0
2030,986,321,0
2030,851,89,0
2030,912,164,0
2030,192,119,0
2030,741,189,0
2030,308,296,0
2031,103,187,48
2031,570,111,17
2031,760,198,26
2031,163,180,41
2031,806,277,50
2031,366,81,11
2031,460,86,0
2031,783,103,5
2031,146,180,35
2031,429,258,50
2031,960,277,41
2031,762,180,20
2031,880,134,15
2031,387,258,41
2031,465,254,49
2031,507,130,16
2031,627,109,0
2031,307,111,17
2031,77,263,42
2031,111,137,12
2031,326,264,47
2031,482,83,5
2031,967,81,28
2031,809,273,44
2031,166,123,20
2031,969,80,15
2031,878,112,28
2031,214,198,27
2031,917,286,44
2031,172,136,16
2031,657,167,34
2031,779,193,38
2031,603,275,39
2031,628,156,36
2031,902,178,38
2031,45,181,20
2031,373,117,18
2031,442,167,34
2031,256,81,8
2031,567,95,7
2031,676,84,8
2031,311,106,25
2031,835,106,44
2031,891,116,8
2031,193,153,21
2031,604,119,15
2031,101,303,32
2031,745,107,18
2031,117,77,12
2031,916,111,23
2031,303,220,27
2031,685,285,37
2031,475,109,20
2031,510,266,56
2031,83,181,20
2031,218,212,26
2031,892,217,20
2031,105,168,20
2031,417,171,22
2031,777,159,22
2031,223,156,8
2031,450,177,56
2031,269,157,17
2031,211,153,14
2031,706,130,13
2031,945,153,27
2031,224,147,37
2031,625,195,36
2031,933,156,18
2031,271,84,1
2031,752,274,42
2031,548,237,63
2031,588,180,0
2031,660,178,19
2031,581,154,15
2031,196,113,3
2031,352,103,42
2031,52,161,20
2031,679,156,20
2031,821,111,20
2031,680,156,9
2031,724,284,37
2031,807,294,37
2031,925,115,15
2031,88,136,15
2031,230,118,17
2031,750,116,11
2031,778,112,1
2031,369,78,0
2031,587,157,12
2031,346,187,34
2031,743,172,26
2031,921,95,20
2031,317,188,29
2031,16,184,14
2031,9,87,10
2031,971,163,20
2031,867,147,21
2031,594,240,76
2031,264,82,5
2031,85,117,15
2031,212,222,25
2031,515,310,34
2031,158,157,26
2031,34,81,9
2031,918,307,42
2031,585,77,21
2031,430,163,59
2031,157,307,38
2031,253,264,50
2031,674,124,23
2031,10,157,21
2031,493,181,18
2031,630,159,16
2031,82,112,20
2031,283,105,19
2031,375,109,17
2031,788,112,8
2031,517,119,26
2031,557,116,0
2031,234,168,20
2031,505,110,17
2031,12,81,8
2031,86,115,8
2032,663,152,84
2032,357,157,74
2032,576,189,102
2032,595,150,84
2032,299,110,76
2032,817,191,103
2032,165,154,86
2032,0,176,106
2032,577,164,75
2032,254,160,82
2032,119,177,117
2032,889,153,78
2032,359,119,59
2032,69,257,194
2032,65,154,84
2032,207,168,81
2032,722,155,74
2032,617,286,152
2032,522,110,63
2032,579,81,35
2032,419,108,67
2032,229,177,110
2032,640,155,70
2032,199,200,104
2032,467,260,153
2032,21,80,36
2032,564,94,31
2032,731,164,74
2032,946,189,104
2032,379,266,162
2032,436,252,187
2032,708,157,74
2032,412,271,176
2032,863,256,173
2032,808,258,145
2032,150,189,105
2032,767,164,74
2032,776,162,77
2032,910,85,35
2032,792,84,76
2032,858,177,110
2032,222,255,150
2032,705,125,60
2032,738,114,66
2032,614,87,32
2032,573,304,149
2032,162,275,150
2032,602,108,37
2032,882,185,110
2032,259,115,53
2032,192,116,33
2032,397,271,156
2032,912,168,73
2032,94,255,193
2032,825,164,80
2032,782,271,169
2032,903,87,72
2032,188,86,36
2032,735,113,59
2032,884,179,111
2032,216,188,108
2032,41,113,60
2032,257,164,73
2032,998,188,115
2032,49,160,88
2032,342,115,35
2032,66,141,88
2032,130,185,104
2032,274,153,76
2032,790,266,151
2032,656,108,64
2032,392,165,81
2032,612,181,111
2032,868,174,114
2032,803,278,154
2032,28,127,60
2032,492,112,68
2032,748,179,129
2032,911,114,75
2032,629,89,65
2032,24,249,188
2032,148,116,60
2032,700,181,136
2032,540,267,158
2032,56,186,111
2032,571,256,153
2032,823,183,106
2032,477,81,84
2032,734,119,61
2032,937,180,104
2032,338,191,102
2032,866,256,171
2032,645,160,78
2032,970,257,171
2032,115,109,72
2032,841,80,70
2032,323,275,155
2032,227,82,32
2032,975,162,72
2032,986,188,113
2032,742,253,149
2032,684,82,32
2032,582,191,111
2032,584,259,165
2032,14,153,68
2032,634,84,33
2032,926,176,113
2032,797,117,70
2032,980,111,64
2032,948,188,113
2032,949,276,151
2032,132,252,155
2032,885,174,74
2032,421,117,64
2032,176,87,25
2032,631,82,32
2032,123,113,60
2032,853,150,78
2032,526,271,155
2032,723,78,33
2032,17,83,35
2032,851,84,69
2032,942,183,102
2032,225,160,74
2032,29,186,109
2032,62,78,34
2032,95,255,174
2032,306,191,105
2032,963,113,66
2032,27,256,169
2032,534,256,160
2032,599,105,74
2032,121,80,37
2032,159,177,116
2032,182,155,90
2032,795,169,78
2032,558,85,31
2032,785,181,102
2032,560,156,78
2032,133,161,76
2032,331,86,60
2032,842,293,143
2032,741,173,76
2032,447,108,66
2032,837,247,161
2032,308,197,103
2032,756,195,102
2032,972,81,31
2032,314,117,62
2032,327,198,102
2032,290,168,73
2032,339,194,108
2032,248,176,108
2032,736,188,110
2032,580,119,56
2032,415,119,62
2033,723,86,9
2033,115,107,40
2033,808,286,30
2033,910,84,16
2033,571,273,43
2033,29,215,29
2033,522,132,15
2033,331,91,19
2033,119,197,29
2033,558,102,8
2033,474,162,22
2033,825,174,22
2033,645,161,9
2033,65,161,26
2033,748,175,55
2033,392,182,26
2033,526,276,48
2033,323,280,53
2033,421,134,18
2033,580,141,16
2033,634,87,0
2033,248,187,31
2033,573,297,56
2033,647,143,16
2033,165,161,32
2033,357,161,23
2033,492,117,2
2033,259,137,16
2033,584,311,39
2033,188,85,20
2033,912,164,0
2033,767,180,21
2033,412,265,111
2033,121,81,13
2033,27,251,69
2033,299,115,0
2033,577,187,18
2033,66,153,23
2033,123,121,16
2033,49,161,24
2033,436,246,101
2033,882,221,26
2033,663,155,25
2033,415,126,18
2033,560,153,32
2033,926,187,42
2033,534,319,37
2033,795,165,0
2033,782,265,67
2033,705,143,16
2033,790,294,42
2033,95,306,40
2033,28,144,14
2033,722,192,20
2033,477,84,24
2033,889,164,24
2033,274,190,20
2033,792,85,29
2033,176,86,0
2033,998,224,25
2033,17,81,14
2033,617,291,50
2033,863,273,42
2033,207,164,10
2033,803,294,39
2033,447,130,16
2033,986,208,27
2033,225,190,18
2033,602,108,12
2033,582,204,31
2033,24,255,59
2033,192,119,6
2033,903,89,10
2033,564,92,0
2033,937,208,26
2033,776,159,0
2033,614,88,1
2033,911,117,21
2033,817,204,32
2033,62,86,9
2033,254,164,18
2033,229,221,28
2033,379,272,51
2033,992,82,3
2033,130,197,35
2033,305,179,20
2033,342,120,11
2033,338,196,38
2033,868,178,34
2033,949,281,37
2033,738,122,21
2033,885,170,32
2033,238,159,8
2033,419,111,22
2033,640,192,20
2033,736,184,31
2033,69,252,112
2033,257,187,18
2033,742,259,48
2033,942,196,34
2033,629,87,9
2033,823,196,27
2033,684,80,11
2033,741,175,21
2033,339,253,27
2033,94,250,97
2033,735,125,16
2033,227,85,12
2033,290,177,20
2033,327,226,28
2033,159,205,29
2033,734,141,17
2033,216,208,34
2033,797,124,19
2033,756,207,34
2033,851,87,21
2033,467,255,81
2033,700,177,95
2033,858,213,24
2033,509,89,0
2033,841,87,15
2033,540,296,48
2033,631,82,0
2033,963,116,22
2033,306,196,35
2033,199,228,22
2033,132,258,68
2033,182,162,26
2033,785,218,18
2033,150,202,33
2033,842,365,30
2033,148,114,8
2033,301,119,16
2033,314,117,9
2033,599,103,41
2033,576,226,27
2033,41,130,16
2033,14,150,31
2033,980,114,17
2033,397,323,30
2033,21,86,11
2033,946,202,29
2033,948,192,37
2033,884,207,28
2033,656,116,17
2033,56,199,34
2033,972,100,8
2033,133,158,0
2033,484,137,16
2033,0,179,43
2033,595,180,20
2033,708,161,25
2033,612,185,32
2033,975,165,29
2033,970,273,49
2033,308,201,30
2034,630,156,4
2034,10,154,16
2034,676,89,7
2034,212,217,20
2034,16,180,4
2034,809,267,34
2034,916,109,18
2034,172,133,13
2034,460,84,0
2034,157,301,34
2034,762,177,18
2034,52,177,16
2034,657,178,26
2034,967,80,24
2034,778,110,0
2034,230,115,12
2034,196,111,0
2034,253,259,40
2034,581,151,13
2034,724,301,33
2034,158,154,21
2034,86,113,0
2034,969,80,12
2034,680,153,6
2034,587,154,4
2034,234,177,17
2034,517,117,22
2034,892,229,18
2034,807,288,29
2034,745,105,16
2034,821,111,16
2034,777,182,18
2034,214,202,20
2034,166,121,17
2034,430,160,51
2034,317,184,25
2034,507,128,14
2034,783,101,2
2034,557,113,0
2034,706,128,9
2034,604,131,14
2034,375,107,13
2034,442,163,25
2034,752,268,33
2034,567,93,6
2034,373,114,14
2034,779,189,32
2034,218,208,20
2034,283,107,15
2034,835,104,42
2034,971,180,18
2034,878,110,24
2034,307,114,14
2034,515,304,26
2034,271,83,0
2034,9,86,2
2034,429,253,44
2034,960,272,31
2034,570,109,13
2034,880,131,11
2034,85,119,12
2034,211,150,2
2034,224,145,34
2034,311,104,23
2034,585,76,19
2034,326,269,37
2034,493,178,15
2034,760,202,21
2034,77,278,32
2034,111,148,11
2034,603,269,31
2034,105,177,18
2034,743,169,22
2034,45,178,16
2034,193,150,17
2034,465,249,38
2034,674,122,19
2034,925,126,12
2034,933,153,10
2034,101,329,26
2034,34,80,7
2034,627,107,0
2034,548,232,56
2034,352,101,40
2034,223,153,1
2034,303,215,23
2034,369,76,0
2034,902,190,28
2034,264,81,3
2034,921,93,18
2034,82,110,18
2034,945,162,22
2034,146,177,27
2034,417,174,18
2034,679,153,15
2034,917,281,35
2034,366,80,6
2034,660,175,16
2034,628,153,30
2034,625,191,31
2034,806,272,42
2034,788,110,3
2034,269,154,9
2034,594,235,62
2034,867,147,17
2034,891,124,7
2034,918,311,34
2034,256,79,5
2034,750,114,10
2034,83,178,18
2034,482,81,3
2034,117,76,10
2034,450,174,52
2034,475,107,15
2034,510,272,46
2034,685,290,29
2034,163,177,36
2034,387,264,33
2034,346,190,26
2034,505,110,14
2034,12,80,6
2034,103,183,44
2034,588,176,0
2034,88,133,12
2035,988,173,0
2035,592,417,1
2035,377,147,0
2035,106,161,9
2035,832,167,0
2035,325,106,0
2035,749,130,0
2035,209,75,0
2035,501,95,0
2035,746,170,2
2035,639,287,1
2035,859,146,0
2035,719,293,1
2035,965,158,1
2035,521,90,0
2035,466,175,0
2035,376,293,1
2035,709,146,0
2035,360,191,1
2035,81,172,0
2035,732,191,1
2035,598,149,0
2035,295,77,0
2035,363,172,0
2035,476,120,9
2035,643,82,0
2035,424,291,1
2035,512,277,1
2035,55,129,0
2035,134,83,0
2035,200,127,6
2035,480,79,0
2035,237,162,1
2035,718,170,0
2035,861,235,3
2035,905,172,0
2035,282,170,0
2035,334,85,0
2035,400,95,8
2035,985,77,0
2035,404,147,0
2035,371,104,0
2035,244,415,1
2035,504,185,1
2036,498,80,56
2036,502,84,59
2036,294,61,33
2036,551,62,29
2036,765,60,33
2036,125,57,32
2036,516,181,161
2036,340,74,31
2036,89,79,56
2036,813,118,72
2036,950,75,30
2036,632,78,33
2036,198,112,72
2036,896,59,54
2036,279,54,32
2036,605,129,102
2036,607,122,64
2036,161,115,89
2036,954,123,73
2036,406,56,29
2036,72,57,31
2036,40,111,81
2036,520,82,31
2036,104,59,60
2036,84,184,154
2036,177,137,97
2036,59,111,74
2036,320,117,74
2036,545,119,72
2036,409,87,58
2036,794,209,147
2036,247,134,104
2036,61,182,139
2036,974,108,70
2036,136,83,56
2036,189,105,82
2036,394,58,68
2036,887,106,70
2036,362,81,59
2036,914,58,31
2036,215,76,27
2036,620,130,105
2036,240,140,114
2036,204,57,31
2036,678,81,64
2036,503,176,160
2036,568,82,68
2036,593,59,62
2036,667,105,74
2036,654,135,102
2036,464,77,56
2036,623,177,137
2036,47,124,105
2036,76,60,27
2036,955,62,28
2036,976,82,30
2036,19,58,29
2036,670,79,28
2036,881,134,111
2036,956,90,51
2036,820,134,99
2036,461,56,70
2036,221,55,35
2036,183,127,113
2036,490,115,68
2036,819,124,120
2036,80,185,151
2036,355,82,68
2036,118,85,59
2036,5,125,114
2036,451,109,81
2036,187,128,124
2036,935,63,30
2036,879,114,80
2036,589,59,34
2036,687,107,72
2036,533,128,97
2036,74,116,75
2036,18,52,33
2036,758,62,34
2036,356,78,79
2036,408,107,79
2036,740,108,77
2036,448,106,70
2036,217,125,113
2036,155,78,58
2037,982,238,4
2037,93,265,7
2037,175,111,0
2037,235,153,4
2037,561,64,5
2037,828,118,4
2037,333,107,4
2037,619,126,0
2037,606,246,4
2037,697,152,4
2037,310,67,0
2037,615,110,0
2037,860,150,4
2037,393,152,6
2037,733,151,2
2037,233,153,0
2037,822,191,6
2037,147,177,0
2037,97,233,10
2037,478,112,3
2037,67,204,20
2037,873,221,12
2037,500,69,4
2037,495,352,5
2037,747,179,7
2037,888,219,20
2037,138,70,0
2037,54,92,0
2037,164,149,4
2037,241,128,0
2037,527,150,0
2037,721,70,0
2037,378,129,0
2037,312,112,0
2037,939,174,0
2037,79,116,4
2037,737,149,17
2037,7,96,0
2037,525,136,2
2037,285,93,0
2037,246,365,5
2037,427,257,4
2037,941,69,0
2037,297,356,5
2037,102,278,5
2037,468,68,0
2037,780,354,5
2037,689,89,0
2037,845,328,5
2037,444,124,4
2037,575,89,24
2037,154,333,5
2037,108,98,0
2037,600,64,0
2037,322,84,5
2037,261,145,4
2037,936,152,4
2037,135,354,5
2037,768,371,5
2037,791,112,4
2037,149,181,0
2037,398,66,2
2037,857,111,4
2037,633,152,4
2037,798,359,4
2037,126,100,4
2037,966,81,2
2037,205,89,0
2037,886,163,2
2037,847,86,11
2037,39,111,3
2037,729,345,5
2037,904,115,2
2037,870,73,0
2037,2,94,0
2037,384,182,6
2037,414,67,0
2037,75,145,2
2037,439,110,0
2037,964,152,0
2037,20,73,0
2037,411,95,0
2037,618,111,0
2037,388,128,0
2037,127,71,0
2037,789,77,0
2037,284,152,5
2037,252,257,4
2037,120,149,4
2037,717,365,5
2037,499,250,4
2037,185,150,0
2037,901,363,5
2037,909,68,0
2037,313,70,0
2037,997,149,2
2037,277,219,11
2037,800,95,0
2037,413,264,10
2037,351,95,2
2037,31,111,4
2037,186,132,0
2037,538,115,4
2037,276,71,0
2037,458,81,4
2037,174,133,11
2037,483,96,0
2038,928,82,34
2038,755,78,31
2038,63,151,80
2038,210,104,56
2038,524,180,103
2038,672,180,99
2038,245,137,36
2038,977,119,55
2038,682,150,27
2038,626,111,57
2038,646,111,60
2038,549,106,31
2038,511,159,116
2038,98,147,81
2038,336,115,60
2038,877,83,30
2038,927,173,105
2038,839,180,104
2038,730,172,117
2038,940,150,66
2038,693,244,163
2038,128,187,100
2038,613,163,92
2038,833,153,68
2038,801,178,104
2038,368,78,31
2038,652,110,58
2038,943,188,106
2038,775,83,29
2038,255,171,96
2038,753,149,87
2038,692,244,165
2038,846,176,101
2038,171,75,55
2038,699,119,55
2038,784,113,55
2038,428,105,75
2038,675,106,31
2038,37,171,110
2038,11,168,113
2038,152,165,122
2038,931,176,104
2038,635,101,62
2038,64,85,57
2038,426,102,59
2038,226,105,58
2038,462,82,30
2038,535,146,78
2038,382,153,70
2038,890,81,29
2038,87,167,117
2038,116,108,29
2038,438,109,27
2038,315,255,144
2038,666,80,64
2038,167,83,28
2038,979,144,77
2038,195,145,32
2038,168,250,143
2038,250,241,144
2038,662,178,103
2038,236,84,26
2038,239,274,139
2038,996,102,62
2038,275,114,56
2038,920,105,60
2038,457,145,29
2038,8,110,56
2038,184,263,137
2038,565,267,138
2038,875,111,28
2038,343,79,35
2038,704,109,28
2038,924,141,76
2038,220,73,66
2038,372,97,55
2038,35,82,34
2038,530,103,32
2038,219,171,99
2038,713,178,96
2038,848,171,120
2038,354,96,33
2038,810,104,61
2038,33,140,68
2038,26,173,97
2038,70,178,104
2038,173,110,58
2038,15,255,159
2038,266,80,31
2038,179,114,63
2038,919,77,30
2038,268,108,63
2038,610,78,31
2038,661,102,58
2038,456,145,74
2038,403,276,137
2038,57,157,78
2038,263,108,66
2039,522,200,1
2039,640,197,0
2039,580,144,5
2039,29,325,2
2039,65,164,0
2039,937,286,2
2039,314,119,0
2039,21,87,0
2039,571,465,2
2039,436,252,23
2039,792,87,4
2039,684,86,0
2039,963,138,0
2039,841,89,0
2039,227,86,0
2039,165,164,4
2039,148,116,0
2039,910,89,0
2039,159,321,2
2039,419,138,2
2039,290,195,2
2039,199,233,0
2039,842,452,3
2039,742,426,3
2039,357,191,2
2039,62,87,0
2039,803,370,3
2039,229,226,4
2039,274,195,0
2039,69,257,49
2039,397,435,3
2039,998,229,0
2039,647,146,0
2039,342,122,0
2039,705,146,0
2039,492,119,0
2039,980,116,0
2039,305,197,3
2039,885,174,4
2039,24,339,3
2039,94,255,45
2039,736,229,2
2039,254,168,0
2039,866,465,3
2039,785,289,2
2039,946,330,2
2039,560,189,4
2039,912,168,0
2039,782,377,6
2039,656,153,1
2039,738,146,2
2039,534,326,3
2039,911,156,4
2039,14,159,0
2039,889,195,2
2039,858,306,2
2039,949,403,3
2039,599,105,16
2039,573,351,4
2039,584,470,3
2039,484,140,2
2039,595,191,0
2039,306,231,4
2039,339,258,4
2039,392,194,0
2039,735,198,1
2039,629,89,0
2039,926,191,11
2039,795,169,0
2039,797,148,0
2039,28,203,1
2039,95,463,3
2039,447,138,0
2039,248,319,2
2039,722,197,2
2039,663,158,5
2039,259,140,0
2039,882,226,0
2039,27,361,6
2039,734,144,0
2039,327,231,0
2039,474,186,2
2039,576,231,0
2039,825,191,4
2039,756,252,4
2039,123,158,1
2039,299,117,0
2039,731,191,0
2039,903,91,0
2039,359,144,2
2039,851,91,0
2039,823,319,2
2039,776,162,0
2039,723,87,0
2039,863,465,3
2039,467,260,47
2039,130,321,2
2039,41,138,2
2039,741,194,3
2039,150,231,11
2039,257,191,0
2039,748,267,2
2039,986,328,2
2039,207,168,0
2039,817,250,2
2039,808,449,3
2039,975,169,5
2039,645,164,0
2039,222,346,4
2039,837,427,3
2039,225,195,0
2039,338,200,15
2039,115,109,19
2039,577,191,0
2039,412,271,67
2039,972,102,4
2039,853,191,3
2039,66,189,2
2039,176,87,0
2039,188,86,9
2039,868,292,2
2039,884,227,0
2039,379,359,4
2039,133,161,0
2039,119,321,2
2039,602,117,0
2039,992,84,0
2039,216,246,4
2039,612,231,4
2039,308,303,2
2039,579,86,0
2039,700,181,59
2039,617,378,3
2039,238,162,0
2039,301,136,2
2039,790,463,3
2039,49,164,0
2039,192,121,0
2039,614,89,0
2039,767,191,0
2039,634,89,0
2039,948,246,4
2039,132,457,3
2039,564,94,0
2039,182,165,0
2039,477,86,0
2039,331,100,2
2039,449,226,4
2039,708,191,3
2039,631,84,0
2039,509,91,0
2039,558,104,0
2039,942,319,2
2039,121,85,0
2039,970,335,5
2040,664,284,41
2040,958,239,18
2040,893,229,21
2040,695,202,18
2040,995,214,25
2040,249,83,28
2040,556,175,20
2040,518,133,12
2040,435,372,26
2040,153,242,19
2040,58,263,18
2040,900,235,22
2040,463,97,0
2040,124,266,46
2040,898,92,8
2040,319,321,40
2040,348,156,26
2040,869,318,29
2040,989,100,7
2040,91,128,7
2040,826,196,33
2040,194,118,0
2040,726,325,35
2040,981,94,8
2040,872,93,13
2040,122,303,42
2040,243,97,5
2040,688,87,0
2040,973,171,0
2040,532,231,22
2040,572,231,15
2040,280,117,40
2040,546,88,18
2040,300,145,14
2040,770,227,20
2040,1,95,0
2040,391,177,20
2040,422,385,27
2040,596,170,0
2040,761,145,13
2040,894,289,46
2040,487,166,36
2040,402,128,0
2040,401,196,17
2040,959,205,30
2040,365,94,8
2040,405,97,8
2040,100,87,0
2040,611,204,17
2040,508,203,30
2040,983,85,11
2040,506,126,8
2040,267,173,5
2040,818,173,0
2040,431,123,0
2040,202,170,20
2040,772,327,33
2040,829,187,18
2040,6,120,15
2040,922,248,19
2040,358,223,21
2040,562,267,18
2040,849,198,18
2040,541,130,17
2040,744,170,19
2040,332,225,25
2040,523,104,14
2040,329,239,22
2040,727,121,0
2040,938,121,11
2040,36,193,0
2040,691,85,17
2040,844,318,31
2040,690,198,41
2040,519,208,24
2040,978,299,42
2040,539,279,54
2040,433,143,14
2040,830,87,22
2040,434,114,5
2040,876,141,12
2040,60,94,6
2040,445,89,7
2040,908,361,26
2040,771,311,31
2040,43,79,42
2040,385,284,33
2040,349,233,22
2040,961,197,26
2040,655,281,35
2040,990,164,20
2040,50,149,14
2040,443,130,15
2040,23,191,18
2040,142,304,47
2040,793,167,7
2040,952,94,0
2040,951,83,19
2040,638,153,39
2040,707,311,31
2040,318,141,18
2040,698,198,34
2040,812,200,14
2040,92,84,17
2040,547,202,18
2040,309,94,0
2040,291,205,29
2040,32,175,4
2040,110,202,18
2040,407,233,19
2040,624,242,20
2040,289,140,13
2040,90,200,18
2040,994,193,18
2040,559,196,22
2040,350,308,51
2040,865,277,48
2040,834,91,0
2040,113,85,12
2040,481,95,5
2040,930,113,37
2040,335,90,3
2040,805,159,33
2040,78,300,27
2040,531,182,24
2040,766,327,28
2040,669,212,28
2040,622,122,23
2040,99,202,12
2040,616,170,18
2040,53,94,6
2040,528,351,27
2040,716,143,8
2040,757,151,14
2040,497,235,20
2040,251,165,7
2040,514,267,41
2040,711,140,15
2040,425,200,24
2040,96,135,15
2041,47,149,5
2041,448,123,4
2041,956,92,0
2041,84,233,7
2041,464,78,0
2041,340,77,0
2041,533,209,3
2041,667,126,0
2041,215,78,6
2041,118,97,3
2041,18,61,2
2041,197,109,0
2041,950,77,0
2041,187,154,0
2041,80,287,4
2041,72,56,0
2041,161,112,0
2041,881,176,4
2041,678,81,0
2041,89,95,4
2041,279,66,3
2041,765,57,11
2041,820,203,3
2041,632,82,0
2041,670,77,0
2041,954,130,0
2041,294,59,0
2041,605,205,3
2041,198,129,0
2041,362,94,3
2041,545,131,0
2041,288,111,0
2041,74,111,0
2041,896,56,0
2041,76,57,0
2041,409,96,0
2041,568,80,6
2041,356,76,0
2041,5,150,6
2041,217,134,5
2041,740,130,8
2041,551,58,7
2041,394,67,0
2041,40,109,0
2041,503,272,3
2041,813,111,0
2041,879,111,4
2041,887,127,4
2041,125,54,3
2041,177,150,0
2041,957,61,0
2041,155,135,2
2041,320,110,0
2041,19,55,0
2041,976,80,0
2041,758,58,8
2041,607,129,0
2041,408,129,4
2041,620,214,1
2041,432,151,4
2041,136,105,2
2041,520,82,0
2041,516,296,4
2041,420,56,0
2041,104,56,18
2041,204,57,0
2041,59,109,0
2041,189,108,0
2041,183,218,3
2041,406,55,0
2041,935,72,0
2041,498,137,2
2041,221,55,0
2041,502,96,3
2041,490,131,2
2041,648,59,0
2041,955,71,0
2041,654,212,3
2041,240,220,3
2041,355,82,0
2041,461,56,0
2041,479,150,0
2041,451,107,0
2041,247,165,6
2041,687,129,4
2041,589,59,0
2041,974,130,4
2041,61,217,8
2041,623,198,6
2041,819,117,8
2041,914,56,0
2041,794,315,4
2041,593,56,11
2042,615,98,12
2042,982,148,18
2042,847,82,28
2042,964,146,13
2042,185,144,11
2042,561,62,12
2042,277,210,40
2042,147,170,19
2042,495,232,25
2042,458,78,13
2042,768,240,24
2042,870,70,0
2042,54,88,19
2042,860,144,16
2042,444,81,35
2042,175,107,10
2042,241,123,0
2042,79,96,12
2042,798,267,21
2042,499,162,15
2042,127,68,0
2042,418,147,14
2042,205,86,9
2042,538,111,24
2042,873,212,34
2042,108,92,8
2042,388,123,0
2042,93,255,22
2042,689,86,0
2042,717,254,21
2042,609,170,18
2042,261,97,13
2042,186,113,19
2042,909,65,0
2042,619,121,2
2042,901,253,21
2042,828,113,10
2042,633,124,18
2042,393,146,16
2042,97,207,33
2042,39,107,12
2042,398,63,8
2042,312,108,12
2042,888,210,42
2042,822,141,27
2042,313,67,1
2042,7,92,5
2042,246,245,21
2042,131,143,25
2042,618,107,11
2042,483,92,0
2042,67,196,44
2042,600,62,1
2042,886,125,8
2042,747,148,22
2042,525,104,10
2042,500,65,27
2042,710,110,11
2042,468,65,0
2042,276,68,0
2042,936,124,15
2042,454,88,10
2042,575,86,37
2042,414,64,8
2042,697,146,16
2042,138,67,4
2042,780,229,22
2042,333,103,13
2042,310,64,18
2042,966,67,6
2042,384,175,22
2042,791,108,12
2042,174,127,34
2042,154,260,22
2042,135,221,30
2042,478,108,12
2042,20,70,2
2042,322,81,16
2042,997,127,22
2042,427,154,26
2042,439,106,10
2042,378,124,0
2042,673,156,22
2042,527,144,12
2042,836,134,27
2042,126,96,12
2042,721,67,0
2042,904,110,11
2042,729,226,25
2042,285,89,5
2042,149,174,17
2042,606,195,46
2042,235,147,16
2042,789,74,4
2042,258,153,24
2042,102,198,31
2042,857,92,16
2042,413,186,49
2042,941,66,5
2042,2,90,0
2042,800,91,0
2042,733,91,10
2042,31,107,12
2042,265,282,21
2042,411,91,0
2043,135,347,0
2043,904,112,0
2043,398,64,0
2043,941,67,0
2043,800,93,0
2043,458,79,0
2043,414,65,0
2043,174,130,4
2043,97,228,0
2043,495,345,0
2043,7,94,0
2043,966,79,0
2043,138,68,0
2043,860,146,0
2043,822,230,0
2043,322,82,2
2043,235,149,0
2043,93,259,2
2043,54,90,0
2043,789,76,0
2043,886,160,0
2043,185,146,0
2043,297,349,0
2043,747,175,0
2043,780,347,0
2043,689,88,0
2043,527,146,0
2043,600,63,0
2043,102,333,0
2043,500,67,0
2043,310,65,0
2043,164,145,0
2043,939,170,0
2043,67,199,10
2043,845,321,0
2043,186,129,0
2043,888,214,10
2043,828,115,1
2043,31,109,0
2043,606,241,0
2043,737,145,6
2043,276,70,0
2043,768,363,0
2043,478,110,0
2043,393,148,0
2043,378,127,0
2043,439,108,0
2043,2,92,0
2043,483,94,0
2043,721,68,0
2043,525,133,0
2043,633,148,0
2043,997,145,0
2043,791,138,0
2043,444,140,0
2043,284,148,0
2043,126,106,0
2043,127,69,0
2043,205,88,0
2043,384,179,0
2043,313,69,0
2043,468,66,0
2043,615,108,0
2043,427,251,0
2043,75,142,0
2043,909,66,0
2043,241,126,0
2043,285,91,0
2043,147,173,0
2043,413,258,0
2043,108,96,0
2043,175,109,0
2043,717,357,0
2043,388,126,0
2043,733,147,0
2043,697,148,0
2043,870,71,0
2043,20,71,0
2043,847,84,2
2043,39,109,0
2043,964,148,0
2043,618,109,0
2043,873,216,2
2043,729,337,0
2043,149,177,0
2043,411,93,0
2043,901,355,0
2043,575,88,18
2043,246,357,0
2043,798,351,0
2043,312,110,0
2043,499,245,0
2043,154,326,0
2043,261,158,0
2043,351,93,0
2043,120,152,0
2043,982,233,0
2043,277,214,1
2043,333,105,0
2043,619,123,0
2043,936,148,0
2043,233,149,0
2043,538,123,0
2043,252,251,0
2043,857,109,0
2043,79,113,0
2043,561,63,3
2044,550,74,2
2044,701,68,4
2044,913,157,3
2044,838,154,0
2044,932,128,0
2044,453,362,3
2044,759,237,2
2044,536,117,0
2044,324,156,0
2044,73,265,2
2044,563,181,0
2044,170,153,2
2044,48,67,0
2044,469,80,1
2044,260,99,0
2044,681,157,0
2044,796,150,2
2044,804,151,0
2044,644,66,0
2044,751,255,5
2044,380,72,0
2044,273,133,0
2044,42,239,2
2044,347,75,0
2044,364,157,0
2044,513,73,0
2044,840,101,9
2044,824,324,3
2044,650,71,0
2044,773,80,5
2044,316,179,0
2044,728,255,0
2044,139,72,0
2044,543,241,2
2044,769,75,0
2044,213,92,0
2044,993,246,2
2044,991,178,4
2044,929,362,3
2044,293,67,0
2044,569,152,1
2044,473,262,1
2044,636,92,0
2044,386,98,0
2044,694,140,1
2044,114,151,3
2044,390,184,0
2044,38,92,0
2044,677,204,2
2044,3,67,0
2044,381,127,0
2044,396,125,2
2044,850,260,2
2044,641,152,1
2044,281,152,1
2044,843,362,3
2044,906,133,0
2044,583,69,0
2044,330,355,3
2044,206,165,9
2044,725,178,0
2044,816,79,5
2044,621,72,0
2044,180,70,0
2044,786,357,3
2044,471,149,26
2044,552,91,0
2044,242,262,2
2044,361,153,0
2044,452,255,2
2044,228,128,0
2044,496,77,4
2044,696,92,0
2044,668,110,0
2044,437,94,0
2044,856,70,0
2044,232,72,0
2044,537,181,4
2044,712,211,2
2044,947,156,3
2044,714,70,0
2044,191,153,2
2044,854,357,3
2044,151,287,6
2044,129,110,2
2044,345,128,0
2044,341,115,2
2044,296,66,0
2044,651,108,2
2044,864,154,3
2044,586,260,1
2044,144,75,0
2044,344,67,4
2044,874,259,2
2044,781,68,0
2044,934,72,0
2044,895,291,3
2044,555,154,0
2044,763,114,2
2044,328,68,0
2044,298,154,0
2044,486,182,4
2044,953,147,1
2044,178,278,4
2044,739,262,2
2044,897,364,3
2044,671,132,0
2044,286,118,4
2044,374,96,0
2044,774,235,2
2044,686,108,1
2044,659,204,3
2044,944,258,0
2044,485,80,1
2044,642,73,0
2044,51,153,1
2044,156,68,0
2044,566,218,4
2044,112,72,0
2044,907,133,0
2045,231,144,0
2045,801,272,4
2045,354,88,6
2045,661,120,2
2045,98,145,0
2045,962,138,0
2045,428,123,0
2045,839,166,14
2045,87,216,5
2045,368,73,0
2045,266,76,0
2045,336,123,0
2045,662,275,4
2045,184,374,5
2045,173,107,0
2045,626,171,2
2045,511,216,7
2045,219,255,4
2045,675,98,9
2045,220,85,4
2045,931,282,4
2045,116,121,0
2045,128,275,4
2045,610,72,8
2045,343,78,2
2045,703,159,5
2045,672,277,3
2045,11,198,7
2045,457,142,0
2045,646,103,0
2045,530,97,4
2045,68,166,7
2045,268,121,0
2045,171,84,3
2045,15,306,7
2045,524,289,4
2045,730,203,6
2045,255,186,7
2045,8,132,5
2045,70,172,10
2045,179,108,0
2045,226,104,0
2045,35,80,0
2045,848,251,4
2045,927,257,4
2045,833,141,0
2045,278,108,0
2045,462,78,0
2045,426,163,2
2045,382,171,4
2045,549,103,0
2045,152,214,7
2045,919,73,0
2045,666,79,0
2045,979,169,5
2045,755,77,0
2045,239,404,5
2045,494,201,4
2045,977,110,10
2045,403,406,4
2045,943,222,6
2045,713,275,3
2045,565,288,13
2045,63,142,5
2045,753,147,1
2045,875,103,0
2045,250,404,5
2045,775,76,0
2045,810,152,2
2045,167,77,0
2045,372,118,4
2045,784,105,0
2045,635,131,2
2045,168,372,5
2045,996,120,4
2045,64,79,0
2045,924,166,4
2045,275,121,0
2045,928,80,0
2045,535,141,0
2045,920,101,0
2045,877,79,0
2045,438,105,0
2045,315,286,10
2045,613,261,4
2045,37,208,5
2045,704,105,0
2045,210,121,4
2045,245,132,4
2045,195,139,0
2045,693,245,24
2045,33,165,0
2045,652,131,4
2045,292,203,5
2045,57,145,0
2045,682,138,0
2045,446,104,0
2045,236,77,2
2045,890,76,0
2045,692,357,5
2045,846,282,4
2045,940,167,0
2046,157,295,8
2046,45,174,0
2046,679,150,0
2046,271,81,0
2046,657,255,4
2046,628,150,0
2046,475,105,0
2046,429,248,17
2046,460,83,0
2046,591,313,9
2046,117,91,2
2046,750,112,8
2046,878,108,0
2046,658,176,0
2046,743,171,2
2046,410,126,4
2046,34,78,0
2046,917,402,5
2046,52,173,3
2046,146,211,5
2046,921,91,4
2046,82,108,0
2046,587,151,0
2046,933,150,0
2046,724,295,7
2046,140,184,2
2046,517,171,4
2046,482,80,0
2046,778,108,0
2046,916,134,4
2046,557,111,0
2046,158,176,5
2046,960,405,5
2046,902,209,7
2046,442,190,6
2046,570,107,0
2046,603,356,5
2046,604,129,3
2046,627,105,0
2046,269,151,0
2046,366,78,0
2046,777,178,0
2046,455,174,10
2046,660,171,1
2046,880,129,0
2046,369,75,0
2046,264,79,0
2046,85,156,2
2046,752,400,5
2046,224,142,8
2046,515,405,5
2046,510,352,8
2046,101,396,5
2046,925,123,0
2046,676,87,2
2046,417,176,0
2046,172,131,0
2046,326,285,7
2046,783,99,0
2046,211,147,0
2046,588,173,0
2046,945,178,0
2046,715,173,0
2046,86,111,0
2046,283,114,4
2046,450,170,24
2046,507,125,4
2046,105,173,4
2046,630,153,0
2046,317,202,6
2046,807,404,5
2046,760,271,4
2046,307,125,4
2046,674,134,0
2046,103,180,15
2046,762,173,5
2046,441,211,7
2046,809,404,5
2046,706,125,0
2046,163,239,4
2046,214,294,4
2046,594,418,5
2046,256,78,0
2046,9,84,0
2046,10,151,0
2046,680,150,0
2046,745,103,3
2046,352,99,20
2046,867,147,0
2046,892,276,4
2046,83,174,4
2046,303,211,0
2046,16,176,0
2046,835,102,28
2046,493,174,0
2046,12,78,0
2046,505,108,0
2046,806,266,14
2046,788,108,0
2046,234,173,0
2046,22,173,0
2046,311,102,15
2046,193,147,2
2046,373,178,2
2046,567,91,0
2046,821,109,1
2046,387,414,5
2046,969,84,0
2046,581,148,0
2046,585,74,6
2046,111,145,4
2046,218,292,4
2046,548,248,9
2046,967,78,0
2046,779,237,4
2046,891,122,4
2046,971,176,4
2046,230,182,2
2046,375,105,0
2046,223,150,0
2046,196,109,0
2047,688,85,0
2047,770,329,0
2047,771,469,1
2047,876,138,0
2047,546,106,0
2047,318,138,0
2047,872,95,0
2047,32,171,0
2047,572,226,0
2047,113,87,0
2047,532,335,1
2047,869,460,0
2047,761,142,0
2047,726,293,1
2047,727,119,0
2047,995,193,1
2047,720,458,1
2047,973,167,0
2047,280,105,10
2047,96,190,0
2047,431,120,0
2047,531,184,1
2047,36,189,0
2047,757,148,0
2047,959,216,2
2047,994,174,1
2047,664,463,1
2047,367,94,0
2047,365,92,0
2047,951,85,0
2047,202,178,1
2047,518,190,0
2047,990,165,0
2047,930,118,0
2047,638,138,4
2047,772,320,0
2047,539,344,1
2047,844,460,1
2047,58,315,1
2047,332,326,1
2047,983,89,0
2047,523,94,2
2047,834,89,0
2047,829,198,1
2047,78,452,1
2047,716,140,0
2047,251,161,0
2047,981,108,0
2047,855,305,1
2047,695,198,0
2047,402,126,0
2047,349,310,1
2047,978,328,2
2047,335,88,0
2047,90,180,1
2047,100,85,0
2047,463,95,0
2047,556,171,0
2047,831,97,5
2047,487,150,5
2047,622,209,0
2047,50,146,0
2047,309,92,0
2047,508,332,1
2047,6,118,0
2047,110,198,0
2047,405,95,0
2047,329,234,0
2047,23,178,1
2047,547,182,1
2047,99,198,0
2047,690,236,3
2047,698,208,6
2047,691,87,0
2047,506,145,0
2047,348,194,0
2047,443,142,0
2047,92,76,2
2047,1,93,0
2047,900,230,0
2047,908,472,1
2047,849,194,0
2047,481,93,0
2047,952,92,0
2047,194,116,0
2047,43,72,16
2047,497,263,3
2047,893,224,0
2047,865,271,5
2047,358,300,1
2047,818,169,0
2047,401,192,0
2047,766,458,1
2047,812,196,0
2047,291,309,1
2047,562,320,1
2047,958,234,0
2047,961,206,6
2047,434,112,0
2047,826,177,6
2047,435,455,1
2047,153,326,1
2047,528,424,1
2047,53,92,0
2047,243,95,0
2047,541,152,0
2047,611,200,0
2047,300,142,0
2047,669,315,1
2047,711,137,2
2047,267,169,0
2047,898,90,0
2047,922,335,1
2047,391,172,1
2047,938,119,0
2047,60,92,0
2047,707,328,4
2047,805,182,1
2047,793,164,0
2047,596,166,0
2047,249,85,0
2047,142,382,3
2047,422,472,1
2047,616,194,0
2047,407,310,1
2047,559,293,1
2047,91,126,0
2047,425,302,1
2047,445,87,0
2047,989,106,0
2047,289,137,0
2047,744,166,0
2047,433,129,1
2047,830,87,0
2048,630,140,103
2048,967,71,99
2048,212,166,131
2048,88,105,73
2048,230,98,74
2048,140,99,79
2048,567,70,38
2048,548,223,211
2048,224,133,94
2048,933,147,96
2048,921,70,91
2048,658,142,95
2048,211,144,97
2048,157,227,180
2048,410,102,73
2048,783,80,37
2048,10,148,95
2048,505,97,80
2048,517,103,85
2048,214,158,134
2048,317,156,137
2048,625,170,130
2048,916,101,76
2048,158,136,95
2048,918,229,185
2048,271,72,39
2048,588,163,102
2048,657,157,144
2048,117,73,37
2048,465,219,200
2048,778,104,75
2048,743,138,92
2048,762,145,91
2048,660,138,88
2048,417,136,103
2048,676,67,39
2048,172,109,70
2048,917,249,189
2048,460,81,38
2048,529,213,197
2048,196,101,38
2048,105,133,94
2048,166,102,88
2048,971,136,96
2048,218,171,125
2048,587,148,94
2048,366,73,78
2048,442,157,140
2048,745,101,39
2048,450,160,143
2048,441,170,129
2048,581,142,40
2048,346,161,134
2048,594,226,211
2048,303,162,144
2048,373,101,76
2048,902,161,140
2048,892,168,130
2048,585,73,40
2048,326,229,188
2048,101,235,187
2048,369,71,39
2048,16,142,86
2048,945,137,106
2048,557,107,78
2048,807,238,184
2048,307,101,74
2048,591,228,195
2048,752,227,196
2048,969,74,44
2048,960,230,185
2048,223,138,95
2048,352,97,80
2048,715,139,92
2048,628,147,96
2048,706,101,71
2048,604,104,74
2048,680,141,40
2048,22,145,87
2048,77,238,182
2048,809,218,191
2048,9,76,96
2048,603,219,188
2048,234,133,98
2048,570,93,77
2048,493,135,88
2048,777,137,102
2048,724,227,185
2048,821,101,78
2048,311,100,44
2048,475,94,79
2048,193,132,81
2048,750,102,38
2048,685,229,188
2048,111,98,74
2048,455,135,92
2048,256,73,39
2048,12,70,37
2048,835,100,81
2048,253,229,178
2048,760,158,142
2048,264,71,38
2048,52,139,92
2048,86,102,143
2048,103,168,132
2048,627,99,74
2048,163,163,134
2048,878,97,105
2048,891,101,38
2048,387,223,196
2048,515,240,186
2048,806,230,185
2048,34,71,38
2048,82,102,76
2048,430,154,142
2048,510,251,181
2048,779,167,141
2048,146,162,130
2048,429,213,200
2048,375,97,77
2048,85,96,82
2048,925,95,78
2048,269,145,98
2048,880,104,75
2048,45,141,94
2049,272,47,0
2049,802,82,0
2049,203,116,3
2049,4,42,0
2049,302,60,0
2049,883,158,2
2049,353,42,12
2049,181,100,0
2049,270,116,5
2049,608,100,4
2049,578,114,13
2049,337,97,0
2049,862,74,2
2049,574,61,0
2049,44,54,0
2049,542,62,0
2049,137,44,0
2049,597,239,3
2049,109,98,3
2049,304,86,10
2049,201,92,3
2049,208,62,0
2049,649,189,3
2049,287,219,3
2049,544,62,0
2049,416,99,0
2049,601,100,1
2049,553,96,0
2049,554,44,0
2049,665,66,8
2049,923,53,0
2049,13,59,0
2049,968,168,2
2049,590,83,0
2049,852,46,0
2049,984,60,0
2049,190,54,0
2049,383,43,0
2049,472,44,0
2049,145,98,3
2049,871,84,0
2049,107,46,0
2049,262,97,0
2049,143,70,3
2049,764,63,0
2049,683,85,0
2049,815,236,3
2049,25,229,3
2049,899,97,3
2049,637,61,0
2049,814,227,3
2049,141,85,0
2050,251,178,0
2050,280,127,16
2050,435,503,5
2050,849,214,4
2050,572,250,0
2050,402,139,0
2050,834,98,0
2050,434,123,0
2050,959,239,8
2050,994,209,5
2050,812,216,0
2050,53,102,0
2050,1,103,0
2050,922,370,4
2050,900,254,0
2050,60,102,0
2050,830,97,0
2050,898,100,0
2050,829,219,5
2050,556,189,0
2050,497,291,6
2050,951,94,0
2050,318,153,2
2050,707,362,8
2050,487,180,14
2050,142,422,9
2050,518,210,2
2050,405,105,0
2050,771,518,5
2050,805,211,5
2050,872,101,3
2050,596,184,0
2050,391,207,5
2050,983,98,0
2050,96,169,2
2050,727,132,0
2050,638,165,12
2050,547,219,5
2050,92,91,7
2050,365,102,0
2050,611,221,0
2050,90,216,5
2050,622,208,2
2050,961,248,9
2050,688,94,0
2050,772,354,0
2050,669,285,5
2050,539,380,9
2050,291,277,6
2050,826,212,12
2050,91,139,0
2050,431,133,0
2050,481,103,0
2050,348,214,4
2050,908,522,5
2050,720,506,5
2050,952,102,0
2050,36,209,0
2050,329,259,4
2050,194,128,0
2050,541,168,4
2050,995,232,7
2050,695,219,4
2050,793,181,0
2050,422,522,5
2050,443,157,4
2050,300,157,3
2050,865,300,13
2050,367,104,1
2050,930,130,2
2050,99,219,0
2050,990,182,0
2050,358,331,4
2050,711,151,5
2050,981,119,0
2050,958,259,0
2050,698,250,8
2050,938,132,0
2050,716,155,0
2050,332,289,4
2050,110,219,4
2050,32,189,0
2050,978,362,10
2050,349,343,4
2050,243,105,0
2050,757,163,4
2050,100,94,0
2050,532,370,4
2050,726,352,9
2050,831,117,5
2050,562,354,4
2050,691,97,0
2050,989,117,0
2050,770,364,3
2050,506,160,1
2050,766,506,5
2050,690,261,8
2050,844,509,5
2050,433,155,4
2050,50,161,4
2050,744,184,0
2050,407,343,4
2050,153,360,4
2050,43,86,20
2050,508,293,4
2050,664,512,5
2050,445,96,0
2050,616,214,4
2050,58,348,4
2050,425,333,4
2050,289,152,0
2050,78,500,5
2050,528,469,5
2050,818,187,0
2050,335,98,0
2050,523,112,4
2050,559,324,4
2050,202,214,5
2050,893,248,0
2050,267,187,0
2050,855,337,4
2050,761,157,0
2050,113,97,1
2050,249,94,0
2050,309,102,0
2050,463,105,0
2050,546,117,3
2050,869,509,4
2050,973,185,0
2050,6,130,0
2050,876,153,0
2050,531,221,5
2050,401,212,4
2050,23,214,5
2051,346,194,26
2051,679,156,15
2051,517,119,22
2051,676,90,7
2051,603,275,31
2051,867,150,17
2051,674,124,19
2051,788,112,3
2051,743,172,22
2051,588,180,0
2051,878,112,24
2051,224,147,34
2051,352,103,40
2051,945,165,22
2051,783,103,2
2051,172,136,13
2051,77,283,32
2051,835,106,42
2051,752,274,33
2051,373,117,14
2051,960,277,31
2051,510,277,46
2051,83,181,18
2051,9,87,2
2051,967,81,24
2051,429,258,44
2051,442,167,25
2051,507,130,14
2051,505,112,14
2051,430,163,51
2051,880,134,11
2051,86,115,0
2051,918,317,34
2051,724,307,33
2051,450,177,52
2051,685,296,29
2051,311,106,23
2051,680,156,6
2051,657,181,26
2051,105,180,18
2051,45,181,16
2051,193,153,17
2051,157,307,34
2051,627,109,0
2051,567,95,6
2051,548,237,56
2051,604,134,14
2051,417,177,18
2051,750,116,10
2051,625,195,31
2051,369,78,0
2051,891,127,7
2051,916,111,18
2051,806,277,42
2051,101,335,26
2051,303,220,23
2051,158,157,21
2051,375,109,13
2051,745,107,16
2051,10,157,16
2051,630,159,4
2051,366,81,6
2051,218,212,20
2051,16,184,4
2051,271,84,0
2051,779,193,32
2051,493,181,15
2051,317,188,25
2051,969,82,12
2051,821,113,16
2051,933,156,10
2051,253,264,40
2051,892,233,18
2051,103,187,44
2051,482,83,3
2051,557,116,0
2051,921,95,18
2051,807,294,29
2051,212,222,20
2051,660,178,16
2051,809,273,34
2051,111,151,11
2051,166,123,17
2051,460,86,0
2051,52,180,16
2051,223,156,1
2051,581,154,13
2051,387,269,33
2051,585,77,19
2051,587,157,4
2051,34,81,7
2051,211,153,2
2051,12,81,6
2051,760,206,21
2051,307,117,14
2051,163,180,36
2051,594,240,62
2051,475,109,15
2051,214,206,20
2051,85,121,12
2051,256,81,5
2051,146,180,27
2051,465,254,38
2051,971,184,18
2051,283,109,15
2051,269,157,9
2051,902,194,28
2051,777,186,18
2051,515,310,26
2051,925,128,12
2051,570,111,13
2051,88,136,12
2051,117,77,10
2051,196,113,0
2051,82,112,18
2051,706,130,9
2051,230,118,12
2051,628,156,30
2051,917,286,35
2051,326,275,37
2051,778,112,0
2051,264,82,3
2051,234,180,17
2051,762,180,18
2052,810,185,0
2052,494,213,0
2052,171,89,0
2052,116,129,0
2052,315,304,0
2052,713,292,0
2052,931,300,0
2052,890,81,0
2052,524,307,0
2052,231,153,0
2052,775,81,0
2052,255,198,0
2052,35,85,0
2052,996,128,0
2052,278,114,0
2052,462,83,0
2052,195,148,0
2052,219,271,0
2052,646,109,0
2052,236,82,0
2052,245,129,1
2052,784,111,0
2052,755,82,0
2052,426,173,0
2052,368,78,0
2052,662,292,0
2052,428,131,0
2052,730,215,0
2052,167,82,0
2052,753,156,0
2052,173,113,0
2052,275,129,0
2052,833,150,0
2052,848,305,0
2052,70,174,3
2052,354,86,4
2052,703,169,0
2052,343,83,0
2052,682,147,0
2052,549,109,0
2052,928,85,0
2052,846,300,0
2052,839,215,0
2052,875,109,0
2052,940,178,0
2052,33,175,0
2052,635,171,0
2052,438,111,0
2052,210,119,2
2052,652,171,0
2052,565,291,3
2052,292,215,0
2052,920,107,0
2052,877,84,0
2052,250,430,0
2052,924,177,0
2052,403,432,0
2052,68,163,4
2052,336,131,0
2052,613,278,0
2052,672,294,0
2052,382,182,0
2052,610,71,5
2052,152,216,2
2052,63,151,0
2052,168,395,0
2052,801,289,0
2052,626,182,0
2052,87,282,0
2052,37,275,0
2052,943,294,0
2052,15,402,0
2052,239,430,0
2052,927,273,0
2052,372,126,0
2052,57,154,0
2052,128,292,0
2052,535,150,0
2052,184,397,0
2052,98,154,0
2052,446,110,0
2052,666,84,0
2052,511,230,0
2052,919,78,0
2052,8,133,3
2052,220,91,0
2052,977,107,2
2052,693,239,19
2052,692,380,0
2052,661,128,0
2052,704,111,0
2052,64,84,0
2052,268,129,0
2052,179,114,0
2052,457,151,0
2052,530,95,2
2052,11,210,0
2052,962,147,0
2052,266,81,0
2052,979,180,0
2052,675,96,6
2052,226,110,0
2053,835,102,78
2053,916,103,71
2053,809,222,175
2053,455,138,87
2053,557,109,74
2053,591,233,184
2053,570,98,73
2053,101,240,177
2053,375,99,71
2053,604,106,69
2053,307,103,70
2053,465,223,190
2053,750,104,35
2053,891,103,36
2053,779,170,132
2053,685,234,173
2053,214,161,125
2053,234,136,92
2053,211,147,92
2053,806,245,173
2053,85,98,77
2053,10,151,88
2053,9,80,90
2053,902,164,135
2053,256,76,37
2053,16,151,80
2053,821,103,74
2053,706,107,66
2053,878,99,100
2053,743,141,86
2053,724,232,172
2053,807,243,174
2053,264,73,36
2053,140,101,73
2053,660,141,80
2053,510,256,172
2053,103,171,123
2053,676,68,36
2053,657,160,135
2053,34,73,36
2053,625,173,122
2053,441,173,120
2053,430,157,136
2053,346,164,125
2053,529,217,184
2053,917,254,179
2053,163,166,126
2053,450,163,134
2053,82,104,72
2053,892,171,122
2053,587,151,87
2053,369,72,36
2053,111,104,69
2053,715,142,86
2053,117,74,35
2053,628,150,90
2053,77,243,171
2053,762,148,85
2053,157,232,164
2053,752,232,183
2053,505,99,76
2053,303,165,136
2053,594,231,203
2053,269,148,93
2053,658,151,90
2053,760,161,133
2053,366,75,73
2053,218,174,116
2053,193,138,77
2053,373,103,73
2053,196,103,36
2053,969,75,42
2053,475,96,75
2053,680,144,38
2053,317,159,129
2053,925,97,73
2053,105,142,88
2053,166,104,84
2053,567,71,36
2053,777,140,98
2053,548,227,201
2053,880,106,70
2053,945,140,102
2053,12,75,35
2053,88,111,68
2053,230,100,69
2053,212,169,120
2053,515,245,175
2053,783,82,35
2053,352,99,77
2053,933,150,90
2053,971,139,90
2053,172,111,65
2053,52,142,86
2053,429,217,185
2053,223,141,90
2053,918,244,173
2053,253,234,165
2053,417,139,98
2053,585,74,38
2053,460,83,36
2053,224,136,88
2053,581,145,38
2053,86,104,134
2053,588,166,96
2053,158,139,90
2053,271,74,37
2053,627,101,69
2053,493,144,82
2053,603,223,174
2053,778,106,70
2053,921,71,83
2053,45,144,88
2053,326,234,178
2053,745,103,37
2053,967,73,94
2053,387,227,184
2053,410,104,68
2053,630,143,98
2053,517,105,81
2053,960,245,172
2053,311,102,42
2053,22,148,80
2053,442,160,134
2053,146,165,122
2054,69,247,49
2054,573,337,4
2054,722,189,2
2054,580,138,5
2054,95,444,3
2054,975,162,5
2054,121,81,0
2054,449,217,4
2054,225,187,0
2054,229,217,4
2054,492,115,0
2054,579,83,0
2054,785,278,2
2054,972,98,4
2054,342,118,0
2054,447,133,0
2054,776,156,0
2054,115,105,19
2054,795,162,0
2054,858,294,2
2054,290,187,2
2054,970,322,5
2054,509,87,0
2054,837,410,3
2054,937,275,2
2054,176,84,0
2054,274,187,0
2054,882,217,0
2054,992,81,0
2054,629,85,0
2054,338,192,15
2054,885,167,4
2054,119,309,2
2054,62,84,0
2054,841,85,0
2054,731,184,0
2054,227,83,0
2054,132,438,3
2054,949,387,3
2054,790,444,3
2054,803,356,3
2054,130,309,2
2054,797,142,0
2054,853,184,3
2054,412,260,67
2054,314,115,0
2054,614,86,0
2054,663,152,5
2054,756,242,4
2054,631,81,0
2054,647,140,0
2054,998,220,0
2054,595,184,0
2054,192,117,0
2054,980,112,0
2054,700,174,59
2054,238,156,0
2054,735,190,1
2054,782,362,6
2054,474,179,2
2054,705,140,0
2054,851,87,0
2054,738,140,2
2054,963,133,0
2054,817,240,2
2054,617,363,3
2054,684,83,0
2054,842,433,3
2054,359,138,2
2054,94,245,45
2054,599,101,16
2054,207,161,0
2054,123,152,1
2054,182,159,0
2054,534,313,3
2054,577,184,0
2054,28,195,1
2054,306,222,4
2054,150,222,11
2054,27,347,6
2054,379,345,4
2054,767,184,0
2054,942,307,2
2054,602,113,0
2054,24,326,3
2054,868,281,2
2054,159,309,2
2054,66,182,2
2054,742,409,3
2054,248,307,2
2054,188,83,9
2054,584,451,3
2054,148,112,0
2054,736,220,2
2054,612,222,4
2054,792,83,4
2054,946,317,2
2054,436,242,23
2054,912,161,0
2054,299,113,0
2054,165,158,4
2054,808,431,3
2054,708,184,3
2054,254,161,0
2054,216,236,4
2054,331,96,2
2054,889,187,2
2054,640,189,0
2054,305,189,3
2054,866,446,3
2054,392,186,0
2054,863,446,3
2054,884,218,0
2054,467,250,47
2054,419,133,2
2054,948,236,4
2054,357,184,2
2054,645,158,0
2054,576,222,0
2054,823,307,2
2054,133,155,0
2054,65,158,0
2054,748,257,2
2054,911,150,4
2054,397,417,3
2054,634,85,0
2054,903,87,0
2054,477,82,0
2054,522,192,1
2054,327,222,0
2054,339,248,4
2054,49,158,0
2054,259,135,0
2054,41,133,2
2054,560,182,4
2054,222,333,4
2054,257,184,0
2054,741,186,3
2054,564,90,0
2054,825,184,4
2054,21,84,0
2054,199,224,0
2054,29,312,2
2054,723,84,0
2054,910,86,0
2054,301,130,2
2054,484,135,2
2054,656,147,1
2054,558,100,0
2054,308,291,2
2054,986,315,2
2054,734,138,0
2054,571,446,2
2054,926,184,11
2054,14,153,0
2055,557,116,60
2055,140,112,59
2055,218,192,97
2055,685,258,137
2055,660,162,65
2055,945,148,89
2055,809,257,141
2055,105,157,68
2055,16,167,66
2055,303,175,115
2055,430,167,119
2055,724,256,135
2055,967,77,80
2055,85,104,63
2055,743,156,67
2055,465,237,160
2055,806,259,140
2055,230,106,56
2055,878,105,88
2055,82,110,59
2055,587,160,69
2055,442,170,113
2055,493,159,68
2055,658,160,72
2055,779,188,105
2055,460,88,30
2055,630,151,85
2055,455,146,74
2055,760,171,107
2055,146,175,99
2055,902,174,119
2055,778,112,58
2055,163,176,103
2055,45,152,70
2055,567,80,27
2055,925,103,58
2055,158,147,76
2055,745,109,33
2055,101,265,139
2055,676,72,29
2055,417,147,84
2055,680,153,31
2055,253,258,137
2055,410,116,54
2055,529,241,151
2055,880,117,56
2055,429,241,152
2055,807,257,142
2055,835,108,71
2055,752,245,149
2055,12,81,28
2055,269,157,76
2055,77,257,143
2055,111,116,56
2055,88,118,52
2055,450,173,107
2055,777,148,82
2055,224,144,68
2055,475,102,64
2055,581,154,34
2055,441,184,97
2055,585,79,34
2055,366,81,59
2055,223,149,72
2055,783,91,28
2055,256,81,31
2055,52,157,70
2055,706,114,53
2055,628,159,79
2055,510,271,146
2055,157,256,133
2055,505,107,61
2055,517,111,70
2055,9,87,72
2055,166,110,73
2055,10,160,71
2055,172,123,52
2055,103,190,102
2055,594,244,180
2055,326,248,145
2055,264,77,29
2055,117,79,29
2055,591,247,153
2055,387,241,150
2055,627,109,56
2055,891,109,30
2055,211,156,76
2055,352,105,69
2055,212,187,96
2055,588,176,77
2055,821,109,60
2055,625,184,99
2055,917,269,150
2055,515,259,144
2055,548,241,171
2055,375,107,58
2055,969,80,37
2055,34,77,30
2055,193,146,66
2055,603,248,133
2055,373,109,61
2055,933,159,76
2055,271,82,29
2055,86,110,110
2055,317,169,106
2055,311,108,38
2055,657,170,113
2055,892,182,101
2055,715,150,72
2055,971,147,72
2055,960,271,137
2055,346,174,103
2055,750,110,29
2055,307,109,58
2055,570,104,58
2055,916,114,56
2055,234,144,76
2055,918,269,139
2055,214,179,99
2055,921,80,66
2055,22,164,64
2055,369,77,30
2055,604,112,55
2055,762,157,70
2055,196,111,28
2056,387,431,5
2056,967,81,0
2056,101,412,5
2056,706,130,0
2056,82,112,0
2056,783,103,0
2056,146,220,5
2056,158,184,5
2056,658,184,0
2056,366,81,0
2056,660,178,1
2056,750,116,8
2056,429,258,17
2056,777,186,0
2056,835,106,28
2056,375,109,0
2056,507,130,4
2056,916,139,4
2056,369,78,0
2056,821,113,1
2056,224,147,8
2056,917,418,5
2056,269,157,0
2056,510,366,8
2056,570,111,0
2056,196,113,0
2056,762,180,5
2056,140,191,2
2056,867,153,0
2056,352,103,20
2056,594,435,5
2056,505,112,0
2056,16,184,0
2056,891,127,4
2056,271,84,0
2056,218,303,4
2056,475,109,0
2056,117,94,2
2056,105,180,4
2056,234,180,0
2056,603,370,5
2056,921,95,4
2056,788,112,0
2056,256,81,0
2056,945,186,0
2056,455,181,10
2056,880,134,0
2056,103,187,15
2056,303,220,0
2056,85,162,2
2056,779,246,4
2056,627,109,0
2056,679,156,0
2056,588,180,0
2056,591,326,9
2056,86,115,0
2056,460,86,0
2056,441,220,7
2056,878,112,0
2056,307,130,4
2056,604,134,3
2056,925,128,0
2056,373,186,2
2056,172,136,0
2056,193,153,2
2056,9,87,0
2056,724,307,7
2056,581,154,0
2056,807,420,5
2056,10,157,0
2056,34,81,0
2056,628,156,0
2056,211,153,0
2056,587,157,0
2056,264,82,0
2056,567,95,0
2056,230,189,2
2056,969,87,0
2056,809,420,5
2056,676,90,2
2056,715,180,0
2056,548,258,9
2056,680,156,0
2056,450,177,24
2056,83,181,4
2056,283,119,4
2056,971,184,4
2056,45,181,0
2056,311,106,15
2056,517,178,4
2056,902,217,7
2056,760,282,4
2056,806,277,14
2056,657,265,4
2056,482,83,0
2056,52,180,3
2056,317,210,6
2056,960,421,5
2056,442,197,6
2056,410,132,4
2056,326,296,7
2056,745,107,3
2056,12,81,0
2056,892,287,4
2056,752,416,5
2056,778,112,0
2056,493,181,0
2056,163,248,4
2056,630,159,0
2056,674,139,0
2056,214,306,4
2056,417,184,0
2056,585,77,6
2056,557,116,0
2056,157,307,8
2056,223,156,0
2056,515,421,5
2056,111,151,4
2056,743,178,2
2056,22,180,0
2056,933,156,0
2057,951,87,1
2057,78,461,6
2057,43,79,20
2057,153,333,4
2057,518,194,2
2057,669,263,6
2057,532,342,4
2057,405,97,0
2057,92,84,8
2057,900,235,0
2057,53,94,0
2057,908,481,6
2057,771,478,6
2057,90,200,6
2057,367,96,2
2057,497,269,6
2057,978,335,12
2057,716,143,0
2057,812,200,0
2057,32,175,0
2057,844,469,6
2057,291,256,7
2057,865,277,15
2057,711,140,6
2057,36,193,0
2057,830,89,2
2057,695,202,6
2057,547,202,6
2057,407,317,4
2057,938,121,0
2057,952,94,0
2057,983,91,0
2057,391,191,6
2057,772,327,0
2057,727,121,0
2057,401,196,5
2057,805,173,6
2057,348,198,6
2057,463,97,0
2057,335,90,0
2057,194,118,0
2057,757,151,4
2057,523,104,4
2057,994,193,6
2057,481,95,0
2057,422,481,6
2057,818,173,0
2057,546,108,4
2057,829,202,6
2057,113,89,2
2057,691,89,0
2057,688,87,0
2057,556,175,0
2057,267,173,0
2057,110,202,6
2057,358,306,4
2057,434,114,0
2057,766,467,6
2057,726,325,11
2057,508,271,5
2057,876,141,0
2057,280,117,18
2057,720,467,6
2057,958,239,0
2057,973,171,0
2057,559,299,4
2057,898,92,0
2057,995,214,8
2057,60,94,0
2057,425,308,4
2057,572,231,0
2057,99,202,0
2057,91,128,0
2057,443,145,4
2057,990,168,0
2057,402,128,0
2057,365,94,0
2057,961,229,10
2057,349,317,4
2057,318,141,4
2057,922,342,4
2057,251,165,0
2057,58,322,4
2057,770,336,4
2057,638,153,14
2057,433,143,5
2057,869,469,5
2057,622,192,3
2057,431,123,0
2057,435,464,6
2057,989,108,0
2057,849,198,6
2057,249,87,0
2057,855,252,4
2057,202,198,6
2057,596,170,0
2057,96,156,3
2057,445,89,0
2057,243,97,0
2057,528,432,6
2057,531,204,6
2057,1,95,0
2057,541,155,4
2057,332,267,5
2057,616,198,4
2057,142,390,11
2057,698,231,9
2057,611,204,0
2057,959,221,9
2057,289,140,0
2057,539,351,11
2057,487,166,16
2057,690,241,10
2057,506,148,2
2057,562,327,4
2057,329,239,5
2057,100,87,0
2057,834,91,0
2057,872,93,3
2057,793,167,0
2057,707,335,9
2057,831,108,6
2057,930,120,4
2057,664,472,6
2057,744,170,0
2057,50,149,4
2057,893,229,0
2057,6,120,0
2057,981,110,0
2057,309,94,0
2057,761,145,0
2057,23,198,6
2057,300,145,4
2057,826,196,13
2058,295,74,36
2058,334,81,39
2058,389,104,69
2058,466,138,93
2058,404,141,36
2058,371,97,75
2058,905,135,100
2058,639,158,128
2058,832,131,70
2058,360,170,122
2058,55,106,68
2058,377,135,94
2058,200,138,90
2058,985,72,76
2058,988,136,86
2058,160,97,36
2058,282,133,85
2058,491,167,131
2058,476,131,42
2058,400,94,84
2058,81,135,97
2058,376,169,128
2058,480,70,38
2058,363,135,90
2058,746,157,121
2058,521,71,40
2058,504,158,126
2058,859,140,78
2058,718,140,88
2058,501,78,36
2058,643,78,38
2058,861,169,120
2058,965,135,92
2058,237,146,87
2058,749,107,35
2058,592,241,166
2058,709,143,88
2058,598,142,94
2058,512,174,119
2058,244,249,167
2058,732,170,134
2058,719,161,144
2058,424,160,134
2058,754,243,175
2058,325,102,37
2059,11,171,45
2059,524,215,26
2059,292,224,27
2059,457,157,6
2059,928,89,12
2059,446,115,0
2059,275,134,10
2059,919,81,7
2059,456,189,18
2059,171,76,18
2059,931,202,31
2059,613,213,21
2059,26,176,31
2059,626,119,19
2059,35,87,12
2059,57,160,20
2059,250,268,45
2059,33,162,22
2059,210,106,26
2059,699,132,18
2059,692,249,48
2059,693,271,50
2059,549,114,9
2059,996,119,16
2059,675,108,18
2059,848,174,47
2059,128,228,25
2059,268,116,20
2059,666,87,18
2059,255,190,30
2059,530,107,11
2059,236,85,9
2059,775,84,2
2059,535,156,21
2059,336,132,17
2059,646,114,28
2059,239,313,32
2059,924,164,21
2059,70,190,39
2059,977,121,33
2059,184,279,43
2059,343,86,16
2059,195,154,4
2059,610,80,17
2059,167,85,7
2059,877,87,3
2059,511,162,63
2059,635,117,19
2059,784,116,13
2059,927,199,27
2059,833,156,0
2059,839,184,52
2059,810,110,22
2059,179,119,21
2059,662,198,29
2059,116,115,8
2059,152,169,41
2059,382,156,30
2059,962,153,21
2059,730,175,54
2059,462,86,3
2059,438,116,5
2059,315,272,56
2059,226,115,3
2059,263,120,19
2059,87,193,35
2059,98,150,29
2059,64,87,0
2059,565,318,43
2059,68,184,20
2059,753,151,42
2059,8,121,18
2059,801,206,31
2059,682,153,0
2059,713,213,23
2059,403,292,42
2059,846,202,30
2059,173,118,6
2059,354,98,14
2059,266,84,9
2059,368,81,0
2059,704,116,0
2059,219,190,29
2059,979,187,20
2059,168,277,42
2059,661,114,15
2059,220,94,16
2059,37,190,34
2059,428,107,45
2059,755,85,8
2059,231,159,8
2059,875,114,8
2059,940,185,18
2059,15,260,58
2059,245,146,15
2059,63,154,46
2059,920,111,0
2059,278,119,7
2060,534,319,37
2060,159,205,29
2060,767,180,21
2060,419,111,22
2060,65,161,26
2060,238,159,8
2060,331,91,19
2060,522,132,15
2060,123,121,16
2060,790,294,42
2060,963,116,22
2060,582,204,31
2060,225,190,18
2060,911,117,21
2060,14,150,31
2060,656,116,17
2060,599,103,41
2060,56,199,34
2060,165,161,32
2060,216,208,34
2060,602,108,12
2060,741,175,21
2060,785,218,18
2060,700,177,95
2060,975,165,29
2060,614,88,1
2060,342,120,11
2060,274,190,20
2060,885,170,32
2060,474,162,22
2060,121,81,13
2060,66,153,23
2060,558,102,8
2060,884,207,28
2060,972,100,8
2060,176,86,0
2060,647,143,16
2060,526,276,48
2060,484,137,16
2060,684,80,11
2060,705,143,16
2060,640,192,20
2060,738,122,21
2060,182,162,26
2060,199,228,22
2060,17,81,14
2060,910,84,16
2060,447,130,16
2060,305,179,20
2060,323,280,53
2060,115,107,40
2060,229,221,28
2060,119,197,29
2060,412,265,111
2060,148,114,8
2060,133,158,0
2060,797,124,19
2060,564,92,0
2060,736,184,31
2060,577,187,18
2060,192,119,6
2060,540,296,48
2060,357,161,23
2060,663,155,25
2060,21,86,11
2060,645,161,9
2060,339,253,27
2060,735,125,16
2060,584,311,39
2060,207,164,10
2060,595,180,20
2060,509,89,0
2060,560,153,32
2060,863,273,42
2060,227,85,12
2060,415,126,18
2060,868,178,34
2060,803,294,39
2060,27,251,69
2060,436,246,101
2060,723,86,9
2060,782,265,67
2060,130,197,35
2060,301,119,16
2060,49,161,24
2060,397,323,30
2060,477,84,24
2060,823,196,27
2060,970,273,49
2060,338,196,38
2060,942,196,34
2060,756,207,34
2060,634,87,0
2060,795,165,0
2060,889,164,24
2060,631,82,0
2060,392,182,26
2060,41,130,16
2060,722,192,20
2060,421,134,18
2060,0,179,43
2060,882,221,26
2060,24,255,59
2060,629,87,9
2060,926,187,42
2060,571,273,43
2060,306,196,35
2060,980,114,17
2060,69,252,112
2060,842,365,30
2060,992,82,3
2060,841,87,15
2060,132,258,68
2060,825,174,22
2060,817,204,32
2060,257,187,18
2060,29,215,29
2060,314,117,9
2060,94,250,97
2060,998,224,25
2060,986,208,27
2060,327,226,28
2060,492,117,2
2060,62,86,9
2060,150,202,33
2060,290,177,20
2060,248,187,31
2060,948,192,37
2060,851,87,21
2060,580,141,16
2060,299,115,0
2060,28,144,14
2060,617,291,50
2060,379,272,51
2060,467,255,81
2060,259,137,16
2060,912,164,0
2060,573,297,56
2060,576,226,27
2060,792,85,29
2060,742,259,48
2060,254,164,18
2060,612,185,32
2060,949,281,37
2060,188,85,20
2060,308,201,30
2060,95,306,40
2060,734,141,17
2060,858,213,24
2060,946,202,29
2060,776,159,0
2060,748,175,55
2060,903,89,10
2060,808,286,30
2060,937,208,26
2060,708,161,25
2061,865,277,3
2061,402,128,0
2061,405,97,0
2061,506,148,0
2061,770,336,0
2061,1,95,0
2061,528,432,0
2061,23,198,0
2061,978,335,0
2061,691,89,0
2061,445,89,0
2061,32,175,0
2061,834,91,0
2061,893,229,0
2061,757,151,0
2061,556,175,0
2061,981,110,0
2061,249,87,0
2061,348,198,0
2061,707,335,3
2061,142,390,2
2061,546,108,0
2061,60,94,0
2061,329,239,0
2061,91,128,0
2061,422,481,0
2061,772,327,0
2061,291,316,0
2061,611,204,0
2061,698,231,5
2061,443,145,0
2061,716,143,0
2061,973,171,0
2061,994,193,0
2061,876,141,0
2061,318,141,0
2061,812,200,0
2061,744,170,0
2061,930,120,0
2061,531,204,0
2061,711,140,1
2061,829,202,0
2061,547,202,0
2061,849,198,0
2061,690,241,1
2061,391,191,0
2061,78,461,0
2061,289,140,0
2061,541,192,0
2061,958,239,0
2061,766,467,0
2061,572,231,0
2061,688,87,0
2061,995,214,0
2061,202,198,0
2061,989,108,0
2061,434,114,0
2061,349,317,0
2061,831,108,4
2061,309,94,0
2061,562,327,0
2061,300,145,0
2061,908,481,0
2061,365,94,0
2061,855,311,0
2061,622,213,0
2061,280,117,8
2061,596,170,0
2061,720,467,0
2061,90,200,0
2061,559,299,0
2061,58,322,0
2061,335,90,0
2061,332,333,0
2061,830,89,0
2061,194,118,0
2061,99,202,0
2061,36,193,0
2061,990,168,0
2061,358,306,0
2061,487,166,2
2061,539,435,0
2061,951,87,0
2061,43,79,14
2061,251,165,0
2061,695,202,0
2061,818,173,0
2061,726,325,0
2061,664,472,0
2061,938,121,0
2061,638,153,3
2061,267,173,0
2061,793,167,0
2061,669,322,0
2061,922,342,0
2061,844,469,0
2061,761,145,0
2061,826,196,5
2061,113,89,0
2061,872,97,0
2061,153,333,0
2061,518,194,0
2061,243,97,0
2061,96,194,0
2061,367,96,0
2061,110,202,0
2061,433,143,0
2061,727,121,0
2061,508,339,0
2061,952,94,0
2061,869,469,0
2061,898,92,0
2061,497,269,2
2061,435,464,0
2061,425,308,0
2061,983,91,0
2061,959,221,1
2061,900,235,0
2061,771,478,0
2061,532,342,0
2061,100,87,0
2061,523,104,2
2061,616,198,0
2061,53,94,0
2061,407,317,0
2061,401,196,0
2061,805,202,0
2061,431,123,0
2061,961,229,6
2061,92,84,1
2061,463,97,0
2061,6,120,0
2061,50,149,0
2061,481,95,0
2062,646,109,0
2062,846,300,3
2062,626,182,2
2062,635,171,2
2062,530,103,3
2062,167,82,0
2062,666,84,0
2062,63,151,2
2062,875,109,0
2062,426,173,2
2062,354,94,6
2062,368,78,0
2062,730,215,4
2062,8,140,5
2062,87,230,4
2062,11,210,6
2062,210,129,4
2062,168,395,4
2062,116,129,0
2062,890,81,0
2062,173,113,0
2062,275,129,0
2062,753,156,0
2062,920,107,0
2062,704,111,0
2062,755,82,0
2062,278,114,0
2062,549,109,0
2062,219,271,3
2062,255,198,6
2062,511,230,6
2062,239,430,4
2062,68,177,6
2062,810,185,2
2062,565,306,11
2062,179,114,0
2062,962,147,0
2062,268,129,0
2062,128,292,3
2062,682,147,0
2062,336,131,0
2062,343,83,1
2062,931,300,3
2062,245,141,3
2062,943,236,5
2062,801,289,3
2062,693,260,23
2062,152,228,6
2062,462,83,0
2062,446,110,0
2062,672,294,2
2062,64,84,0
2062,927,273,3
2062,403,432,3
2062,292,215,4
2062,977,117,8
2062,713,292,2
2062,57,154,0
2062,675,104,9
2062,613,278,3
2062,428,131,0
2062,919,78,0
2062,195,148,0
2062,70,183,8
2062,833,150,0
2062,703,169,4
2062,171,89,2
2062,98,154,0
2062,37,221,4
2062,372,126,3
2062,382,182,2
2062,662,292,3
2062,220,91,3
2062,996,128,3
2062,610,77,7
2062,661,128,2
2062,315,304,8
2062,535,150,0
2062,494,213,2
2062,184,397,4
2062,775,81,0
2062,457,151,0
2062,15,326,5
2062,266,81,0
2062,226,110,0
2062,692,380,4
2062,35,85,0
2062,839,177,10
2062,924,177,2
2062,877,84,0
2062,250,430,4
2062,438,111,0
2062,979,180,4
2062,524,307,3
2062,784,111,0
2062,928,85,0
2062,33,175,0
2062,236,82,2
2062,940,178,0
2062,652,139,3
2062,231,153,0
2062,848,266,3
2063,223,147,12
2063,627,103,0
2063,230,107,19
2063,760,173,29
2063,212,194,28
2063,366,76,14
2063,303,184,29
2063,878,106,31
2063,83,159,20
2063,12,76,9
2063,105,152,22
2063,346,176,38
2063,103,176,50
2063,45,159,22
2063,373,110,20
2063,585,73,22
2063,86,109,15
2063,430,154,64
2063,660,156,20
2063,317,177,32
2063,352,97,44
2063,465,239,54
2063,429,243,54
2063,88,128,16
2063,507,123,17
2063,674,117,26
2063,743,162,27
2063,628,147,38
2063,724,268,40
2063,917,260,49
2063,52,152,22
2063,969,74,16
2063,570,105,19
2063,326,249,53
2063,945,144,32
2063,224,139,39
2063,891,101,9
2063,10,148,24
2063,387,243,46
2063,762,170,21
2063,835,100,46
2063,311,100,25
2063,158,136,28
2063,256,76,9
2063,172,123,17
2063,515,271,38
2063,283,99,21
2063,34,76,10
2063,475,103,22
2063,163,170,44
2063,706,123,15
2063,960,261,46
2063,778,106,4
2063,193,144,23
2063,750,110,11
2063,867,138,24
2063,442,157,38
2063,417,154,26
2063,918,289,47
2063,482,78,7
2063,967,76,30
2063,625,184,38
2063,517,112,28
2063,880,117,17
2063,211,144,20
2063,450,167,58
2063,676,70,8
2063,779,182,41
2063,788,106,11
2063,82,106,21
2063,307,105,19
2063,680,147,10
2063,921,89,20
2063,271,79,2
2063,679,147,22
2063,214,180,31
2063,581,145,16
2063,892,183,22
2063,505,102,19
2063,16,173,17
2063,806,261,54
2063,157,268,40
2063,9,82,15
2063,369,73,0
2063,685,269,42
2063,234,152,22
2063,630,150,21
2063,77,248,50
2063,557,109,0
2063,460,81,0
2063,971,154,22
2063,117,73,13
2063,807,257,41
2063,587,148,15
2063,752,248,47
2063,548,223,67
2063,253,249,55
2063,745,101,19
2063,809,248,49
2063,604,108,17
2063,510,251,63
2063,657,157,38
2063,933,147,22
2063,166,111,22
2063,111,120,14
2063,916,105,25
2063,603,259,43
2063,594,226,84
2063,925,99,17
2063,101,265,36
2063,85,105,17
2063,269,148,21
2063,264,77,7
2063,821,105,22
2063,196,107,5
2063,493,159,20
2063,902,161,43
2063,218,186,29
2063,588,169,0
2063,375,103,19
2063,777,150,25
2063,567,89,8
2063,146,170,38
2063,783,97,7
2064,937,225,15
2064,911,138,14
2064,595,203,14
2064,62,93,2
2064,0,212,24
2064,868,193,18
2064,599,111,36
2064,21,93,6
2064,216,225,24
2064,357,195,16
2064,741,205,16
2064,841,94,4
2064,910,93,11
2064,734,152,10
2064,327,245,17
2064,631,89,0
2064,192,129,1
2064,509,96,0
2064,577,203,7
2064,421,146,12
2064,474,197,16
2064,66,172,15
2064,227,92,9
2064,980,123,8
2064,412,287,99
2064,705,154,10
2064,397,374,22
2064,306,212,27
2064,115,116,35
2064,121,88,8
2064,738,132,14
2064,584,350,21
2064,863,321,22
2064,301,144,13
2064,95,343,22
2064,634,94,0
2064,640,209,14
2064,582,221,20
2064,69,272,100
2064,882,239,13
2064,986,234,17
2064,742,292,30
2064,133,171,0
2064,663,168,18
2064,647,154,11
2064,229,239,22
2064,736,209,20
2064,975,179,23
2064,28,172,10
2064,573,322,39
2064,331,98,13
2064,797,157,12
2064,926,203,34
2064,617,316,30
2064,792,92,22
2064,248,228,16
2064,41,147,13
2064,65,174,12
2064,323,328,31
2064,851,96,14
2064,723,93,5
2064,148,123,0
2064,782,287,49
2064,522,159,8
2064,199,247,7
2064,150,218,22
2064,808,381,21
2064,130,222,20
2064,492,127,0
2064,767,203,10
2064,817,221,21
2064,392,205,17
2064,803,319,26
2064,339,274,22
2064,467,276,73
2064,484,149,13
2064,308,217,19
2064,614,95,0
2064,123,136,10
2064,132,279,47
2064,885,184,24
2064,722,209,16
2064,949,341,28
2064,182,175,12
2064,477,91,12
2064,946,236,16
2064,254,178,4
2064,238,172,0
2064,903,96,0
2064,558,110,5
2064,305,209,16
2064,257,203,12
2064,884,241,22
2064,415,137,13
2064,419,131,14
2064,748,190,35
2064,790,331,22
2064,612,245,22
2064,299,124,0
2064,708,203,16
2064,576,245,18
2064,756,224,22
2064,912,178,0
2064,992,89,0
2064,379,307,31
2064,342,130,7
2064,27,271,51
2064,29,233,15
2064,560,165,23
2064,225,206,14
2064,119,231,16
2064,684,89,7
2064,176,93,0
2064,825,203,17
2064,970,296,32
2064,159,231,18
2064,564,99,0
2064,314,127,0
2064,94,270,84
2064,842,395,22
2064,602,117,8
2064,49,174,4
2064,540,321,36
2064,338,212,33
2064,998,243,11
2064,165,174,26
2064,889,184,14
2064,188,92,18
2064,629,94,0
2064,963,147,13
2064,776,172,0
2064,972,108,6
2064,948,209,23
2064,436,267,82
2064,735,141,8
2064,24,276,33
2064,580,152,13
2064,447,147,11
2064,290,206,16
2064,858,239,15
2064,795,179,0
2064,526,312,28
2064,56,224,21
2064,207,178,0
2064,534,345,29
2064,942,220,18
2064,645,174,0
2064,785,263,13
2064,14,162,21
2064,700,192,87
2064,823,228,15
2064,259,149,11
2064,571,321,23
2064,656,131,11
2064,274,206,14
2064,17,88,11
2065,176,84,29
2065,946,174,112
2065,436,242,196
2065,65,148,90
2065,188,83,38
2065,723,75,35
2065,584,249,180
2065,735,104,63
2065,926,169,120
2065,937,173,113
2065,756,179,110
2065,629,85,68
2065,159,170,126
2065,379,256,173
2065,884,172,120
2065,825,158,86
2065,477,77,90
2065,841,76,75
2065,299,104,82
2065,192,112,35
2065,792,80,81
2065,522,106,68
2065,29,179,118
2065,14,147,72
2065,274,147,84
2065,560,150,82
2065,357,151,81
2065,216,181,118
2065,199,184,111
2065,162,253,158
2065,227,79,34
2065,980,107,68
2065,49,154,92
2065,225,154,80
2065,165,148,91
2065,62,75,36
2065,782,260,176
2065,447,104,70
2065,911,110,79
2065,998,181,122
2065,842,282,152
2065,579,78,36
2065,290,161,78
2065,576,182,111
2065,882,178,117
2065,738,110,71
2065,182,149,96
2065,748,172,135
2065,599,101,77
2065,66,136,93
2065,150,174,111
2065,306,184,111
2065,94,245,203
2065,582,184,119
2065,338,176,108
2065,767,151,79
2065,339,178,115
2065,28,117,64
2065,132,242,169
2065,803,267,164
2065,558,82,33
2065,148,110,64
2065,614,82,35
2065,27,246,177
2065,645,154,82
2065,663,146,89
2065,56,179,119
2065,415,114,66
2065,327,182,110
2065,797,112,73
2065,359,114,64
2065,868,167,121
2065,229,170,118
2065,863,246,185
2065,889,147,82
2065,975,156,78
2065,123,104,63
2065,121,76,38
2065,119,170,125
2065,577,158,80
2065,342,111,37
2065,970,247,179
2065,595,144,90
2065,314,113,66
2065,851,80,73
2065,853,144,85
2065,949,265,159
2065,69,247,202
2065,817,184,111
2065,963,109,70
2065,492,108,72
2065,308,181,110
2065,397,260,167
2065,885,161,78
2065,412,260,183
2065,17,80,37
2065,421,112,70
2065,795,162,84
2065,254,154,86
2065,942,169,109
2065,912,161,80
2065,602,104,38
2065,130,170,111
2065,790,245,163
2065,207,161,86
2065,640,149,78
2065,24,239,197
2065,257,151,78
2065,259,111,58
2065,617,275,160
2065,634,80,35
2065,903,83,76
2065,571,246,165
2065,858,170,119
2065,580,114,61
2065,331,79,64
2065,734,114,66
2065,573,281,158
2065,736,181,118
2065,612,174,119
2065,133,155,81
2065,708,151,78
2065,631,79,34
2065,323,253,164
2065,21,77,38
2065,731,151,80
2065,808,237,155
2065,948,181,120
2065,534,246,173
2065,785,174,113
2065,972,77,32
2065,392,159,84
2065,823,176,115
2065,866,246,182
2065,526,260,167
2065,95,245,184
2065,742,232,159
2065,248,169,116
2065,700,174,141
2065,564,90,33
2065,0,169,115
2065,705,120,65
2065,910,82,36
2065,656,104,70
2065,222,245,163
2065,419,104,72
2065,722,149,81
2065,41,109,64
2065,776,156,85
2065,115,105,75
2065,837,237,175
2065,684,79,34
2065,467,250,164
2065,540,257,173
2065,741,159,80
2065,986,181,120
2066,437,100,0
2066,701,72,5
2066,953,156,2
2066,51,162,4
2066,856,74,0
2066,361,162,3
2066,621,76,0
2066,260,105,0
2066,471,158,30
2066,929,385,6
2066,552,97,0
2066,677,216,6
2066,38,98,0
2066,242,279,4
2066,139,77,0
2066,469,85,4
2066,838,163,0
2066,206,175,13
2066,864,163,6
2066,763,121,4
2066,281,161,2
2066,816,84,5
2066,932,136,0
2066,156,72,0
2066,714,74,0
2066,390,196,0
2066,712,224,6
2066,228,136,0
2066,725,189,0
2066,824,344,6
2066,381,135,0
2066,854,380,6
2066,386,104,0
2066,947,165,6
2066,345,136,0
2066,232,76,0
2066,586,277,4
2066,496,82,8
2066,804,160,1
2066,486,194,8
2066,739,279,4
2066,897,387,6
2066,452,271,4
2066,642,78,0
2066,129,117,4
2066,843,385,6
2066,170,162,6
2066,112,77,0
2066,769,80,0
2066,906,141,0
2066,453,385,6
2066,636,98,0
2066,286,125,5
2066,850,222,5
2066,213,98,0
2066,374,102,0
2066,874,240,4
2066,583,73,0
2066,751,271,11
2066,840,107,12
2066,694,149,2
2066,913,166,6
2066,728,271,0
2066,796,159,6
2066,114,160,6
2066,396,133,4
2066,569,161,2
2066,696,98,0
2066,3,71,0
2066,650,76,0
2066,191,162,6
2066,686,114,2
2066,180,74,0
2066,671,140,0
2066,641,161,2
2066,293,71,0
2066,668,117,0
2066,993,261,4
2066,48,71,0
2066,991,169,8
2066,347,80,0
2066,298,163,0
2066,907,141,0
2066,644,70,0
2066,380,77,0
2066,485,85,2
2066,344,71,5
2066,513,78,0
2066,543,208,5
2066,273,141,0
2066,774,203,4
2066,895,309,6
2066,550,79,4
2066,328,72,0
2066,786,380,6
2066,324,165,0
2066,364,166,0
2066,144,80,0
2066,537,192,8
2066,681,166,0
2066,773,85,5
2066,330,378,6
2066,563,192,0
2066,42,254,4
2066,73,282,4
2066,934,77,0
2066,316,190,1
2066,296,70,0
2066,566,232,8
2066,536,124,1
2066,651,114,5
2066,473,279,10
2066,178,295,10
2066,944,274,0
2066,781,72,0
2066,555,163,0
2066,341,122,5
2066,759,204,5
2066,151,305,12
2066,659,216,7
2067,267,173,2
2067,96,135,14
2067,349,233,20
2067,952,94,0
2067,194,118,0
2067,405,97,7
2067,433,143,14
2067,463,97,0
2067,122,315,36
2067,291,205,25
2067,481,95,3
2067,826,196,31
2067,100,87,0
2067,611,204,16
2067,407,233,17
2067,358,223,19
2067,766,327,23
2067,989,104,7
2067,869,318,25
2067,959,205,27
2067,402,128,0
2067,771,323,26
2067,523,104,13
2067,36,193,0
2067,309,94,0
2067,318,141,17
2067,58,263,16
2067,391,177,18
2067,716,143,6
2067,547,202,17
2067,443,135,13
2067,518,133,10
2067,876,141,11
2067,865,277,45
2067,981,94,7
2067,113,85,11
2067,531,182,22
2067,434,114,4
2067,319,321,36
2067,431,123,0
2067,519,208,21
2067,951,83,17
2067,844,318,27
2067,894,289,43
2067,91,128,6
2067,893,229,18
2067,772,327,29
2067,616,170,16
2067,487,166,34
2067,898,92,7
2067,711,140,14
2067,78,335,25
2067,690,198,38
2067,834,91,0
2067,872,93,12
2067,385,284,29
2067,688,87,0
2067,995,214,24
2067,280,117,38
2067,908,361,22
2067,900,235,20
2067,938,121,10
2067,497,235,18
2067,202,170,19
2067,23,198,17
2067,53,94,5
2067,691,85,15
2067,638,153,37
2067,556,175,16
2067,32,175,1
2067,812,200,12
2067,350,308,43
2067,335,90,0
2067,829,187,17
2067,532,231,19
2067,401,196,16
2067,435,372,24
2067,770,235,18
2067,572,231,12
2067,922,248,16
2067,805,159,31
2067,727,121,0
2067,329,239,20
2067,757,151,13
2067,425,200,20
2067,695,202,16
2067,153,250,16
2067,726,325,33
2067,348,163,23
2067,1,95,0
2067,958,239,15
2067,961,205,23
2067,990,164,18
2067,92,84,16
2067,994,193,17
2067,110,202,16
2067,99,202,9
2067,669,212,24
2067,562,267,17
2067,744,170,16
2067,508,203,27
2067,622,122,21
2067,698,198,31
2067,251,165,6
2067,624,242,18
2067,243,97,3
2067,664,284,34
2067,596,170,0
2067,849,198,16
2067,445,89,6
2067,983,85,10
2067,793,167,5
2067,332,225,22
2067,43,79,40
2067,50,149,13
2067,539,279,50
2067,289,140,11
2067,506,126,7
2067,528,351,25
2067,559,196,18
2067,60,94,5
2067,365,94,7
2067,422,385,25
2067,973,171,0
2067,90,200,17
2067,142,304,41
2067,514,267,37
2067,655,281,31
2067,761,145,12
2067,978,299,37
2067,300,145,13
2067,541,130,15
2067,546,88,17
2067,818,173,0
2067,124,266,40
2067,830,89,20
2067,249,83,25
2067,6,120,13
2067,930,113,34
2067,707,311,28
2068,11,198,3
2068,652,131,1
2068,801,272,1
2068,846,282,1
2068,245,132,2
2068,494,201,0
2068,672,277,1
2068,626,171,1
2068,250,404,2
2068,98,145,0
2068,63,142,0
2068,833,141,0
2068,426,163,1
2068,37,259,1
2068,996,120,1
2068,428,123,0
2068,446,104,0
2068,940,167,0
2068,226,104,0
2068,977,110,5
2068,33,165,0
2068,8,132,4
2068,462,78,0
2068,15,378,2
2068,87,265,1
2068,662,275,1
2068,675,98,7
2068,292,203,1
2068,549,103,0
2068,730,203,0
2068,646,103,0
2068,920,101,0
2068,179,108,0
2068,220,85,2
2068,610,72,6
2068,511,216,3
2068,524,289,1
2068,661,120,0
2068,195,139,0
2068,875,103,0
2068,810,174,1
2068,713,275,1
2068,704,105,0
2068,35,80,0
2068,666,79,0
2068,775,76,0
2068,839,180,4
2068,57,145,0
2068,354,88,5
2068,931,282,1
2068,173,107,0
2068,924,166,0
2068,438,105,0
2068,184,374,2
2068,152,214,4
2068,70,172,6
2068,848,287,1
2068,703,159,2
2068,784,105,0
2068,530,97,3
2068,343,78,0
2068,368,73,0
2068,64,79,0
2068,962,138,0
2068,210,121,3
2068,755,77,0
2068,168,372,2
2068,278,108,0
2068,266,76,0
2068,372,118,1
2068,692,357,2
2068,890,76,0
2068,682,138,0
2068,255,186,3
2068,457,142,0
2068,693,245,21
2068,336,123,0
2068,315,286,4
2068,128,275,1
2068,171,84,0
2068,239,404,2
2068,535,141,0
2068,635,161,1
2068,613,261,1
2068,236,77,1
2068,167,77,0
2068,927,257,1
2068,403,406,1
2068,219,255,1
2068,382,171,0
2068,275,121,0
2068,68,166,6
2068,943,222,2
2068,753,147,0
2068,116,121,0
2068,877,79,0
2068,231,144,0
2068,565,288,7
2068,268,121,0
2068,979,169,2
2068,928,80,0
2068,919,73,0
2069,290,202,18
2069,912,174,0
2069,176,91,0
2069,842,387,26
2069,534,339,33
2069,884,236,25
2069,785,258,15
2069,705,151,13
2069,858,226,19
2069,357,171,18
2069,447,144,14
2069,975,175,26
2069,62,91,6
2069,21,91,8
2069,972,106,7
2069,640,205,17
2069,56,220,27
2069,882,235,20
2069,986,229,22
2069,612,206,26
2069,602,115,10
2069,735,138,12
2069,305,205,18
2069,656,129,13
2069,121,86,10
2069,28,158,11
2069,580,149,14
2069,274,202,16
2069,817,216,27
2069,645,171,0
2069,595,199,16
2069,0,190,32
2069,631,88,0
2069,795,175,0
2069,808,373,25
2069,492,124,0
2069,963,129,16
2069,306,208,31
2069,248,215,22
2069,509,94,0
2069,415,134,16
2069,823,224,21
2069,522,150,12
2069,474,172,18
2069,65,171,20
2069,911,135,17
2069,825,199,19
2069,338,208,36
2069,970,290,40
2069,192,126,4
2069,889,174,19
2069,188,90,19
2069,69,267,106
2069,412,281,105
2069,742,275,38
2069,614,93,0
2069,885,181,28
2069,863,303,31
2069,29,228,22
2069,992,88,0
2069,397,367,26
2069,738,130,17
2069,308,213,24
2069,115,114,38
2069,741,201,18
2069,379,301,41
2069,165,171,29
2069,560,162,27
2069,663,164,21
2069,998,238,18
2069,95,325,30
2069,926,199,38
2069,571,303,31
2069,259,146,14
2069,573,316,47
2069,17,87,13
2069,910,91,13
2069,723,91,7
2069,133,168,0
2069,130,209,28
2069,722,205,18
2069,748,186,45
2069,797,143,14
2069,301,141,14
2069,436,262,90
2069,49,171,14
2069,27,266,59
2069,949,334,32
2069,94,265,90
2069,148,121,2
2069,339,268,24
2069,582,216,25
2069,980,121,13
2069,792,90,26
2069,629,92,2
2069,599,109,39
2069,903,94,2
2069,314,124,4
2069,392,194,22
2069,736,205,26
2069,584,343,30
2069,331,97,16
2069,238,169,0
2069,484,146,14
2069,841,92,9
2069,119,209,22
2069,577,199,12
2069,946,223,22
2069,123,133,12
2069,851,94,17
2069,327,240,22
2069,41,144,14
2069,634,92,0
2069,647,151,13
2069,159,226,23
2069,199,242,15
2069,132,274,58
2069,24,271,46
2069,558,108,6
2069,948,205,30
2069,564,97,0
2069,937,221,20
2069,467,271,77
2069,323,298,42
2069,299,122,0
2069,229,235,25
2069,227,90,10
2069,421,143,15
2069,257,199,16
2069,790,313,31
2069,66,169,19
2069,526,306,38
2069,477,89,18
2069,254,174,11
2069,540,315,42
2069,617,309,41
2069,767,199,16
2069,576,240,22
2069,150,214,27
2069,782,281,57
2069,803,313,32
2069,776,169,0
2069,14,159,26
2069,700,188,91
2069,942,208,27
2069,419,123,18
2069,734,149,14
2069,225,202,16
2069,216,221,29
2069,342,127,9
2069,868,189,26
2069,182,172,20
2069,756,220,28
2069,684,85,9
2069,207,174,0
2069,708,171,20
2070,755,78,42
2070,846,168,143
2070,652,101,84
2070,996,102,87
2070,704,104,41
2070,64,82,82
2070,646,108,79
2070,220,73,88
2070,167,77,40
2070,98,147,104
2070,530,101,43
2070,979,144,104
2070,775,81,39
2070,219,163,140
2070,810,104,85
2070,184,241,197
2070,839,172,146
2070,250,241,203
2070,236,80,38
2070,877,82,41
2070,928,82,43
2070,549,104,43
2070,833,153,98
2070,266,80,41
2070,263,108,86
2070,152,165,156
2070,438,104,39
2070,931,176,143
2070,730,172,150
2070,565,257,204
2070,368,73,42
2070,37,171,146
2070,890,81,40
2070,456,139,106
2070,699,110,78
2070,457,141,39
2070,635,101,88
2070,682,137,40
2070,784,102,78
2070,511,159,150
2070,382,145,102
2070,168,250,204
2070,661,102,81
2070,927,165,140
2070,426,102,83
2070,116,103,43
2070,57,151,104
2070,35,82,42
2070,33,134,106
2070,977,115,78
2070,275,108,82
2070,8,105,84
2070,610,75,40
2070,535,143,106
2070,919,74,42
2070,343,79,43
2070,128,171,139
2070,239,251,201
2070,940,143,94
2070,613,163,141
2070,662,163,142
2070,848,171,153
2070,801,178,136
2070,15,255,205
2070,226,105,82
2070,753,149,108
2070,372,97,80
2070,210,104,78
2070,875,104,39
2070,11,168,152
2070,693,244,204
2070,70,171,150
2070,173,106,81
2070,943,180,136
2070,713,171,141
2070,26,165,142
2070,336,115,79
2070,179,114,81
2070,692,244,218
2070,524,172,148
2070,315,255,200
2070,403,254,196
2070,462,82,41
2070,255,171,143
2070,672,165,141
2070,63,151,100
2070,268,104,83
2070,920,105,80
2070,675,102,40
2070,666,78,85
2070,195,141,41
2070,245,137,45
2070,171,72,79
2070,428,105,89
2070,87,167,153
2070,354,96,43
2070,924,141,102
2070,626,107,84
2071,686,86,42
2071,347,78,39
2071,773,69,36
2071,286,98,74
2071,641,94,74
2071,774,162,130
2071,242,154,144
2071,787,98,72
2071,671,134,98
2071,178,227,192
2071,583,69,37
2071,913,143,86
2071,739,160,134
2071,751,212,201
2071,489,229,182
2071,944,225,187
2071,321,233,188
2071,453,211,194
2071,759,157,140
2071,934,72,41
2071,170,133,94
2071,390,154,132
2071,399,157,134
2071,38,92,38
2071,473,220,188
2071,563,158,130
2071,725,149,131
2071,3,68,39
2071,644,68,87
2071,714,73,39
2071,694,125,38
2071,437,90,45
2071,396,95,80
2071,281,94,75
2071,929,222,195
2071,380,74,38
2071,496,63,133
2071,586,152,139
2071,840,98,78
2071,804,126,90
2071,636,96,94
2071,701,72,41
2071,213,94,74
2071,273,141,92
2071,485,69,38
2071,786,209,183
2071,566,148,151
2071,129,92,76
2071,816,68,36
2071,423,212,204
2071,838,134,96
2071,156,66,39
2071,696,94,75
2071,781,72,38
2071,864,128,100
2071,763,91,82
2071,552,95,78
2071,330,208,187
2071,51,127,94
2071,536,101,78
2071,191,127,94
2071,452,149,153
2071,381,123,75
2071,993,151,143
2071,874,151,137
2071,345,136,73
2071,341,96,70
2071,361,133,90
2071,932,131,77
2071,854,218,193
2071,471,151,132
2071,232,73,39
2071,46,218,181
2071,621,72,39
2071,324,130,100
2071,328,67,40
2071,659,154,140
2071,555,134,92
2071,386,99,41
2071,543,152,139
2071,298,128,101
2071,550,70,88
2071,668,96,76
2071,486,152,136
2071,151,227,181
2071,344,68,42
2071,824,216,185
2071,897,223,187
2071,42,158,130
2071,206,154,143
2071,513,75,39
2071,73,155,135
2071,712,154,136
2071,702,166,134
2071,180,73,39
2071,906,135,96
2071,953,91,83
2071,440,103,78
2071,991,149,124
2071,537,158,134
2071,144,75,42
2071,112,71,36
2071,728,212,189
2071,650,70,41
2071,364,125,94
2071,114,132,94
2071,651,94,76
2071,843,211,190
2071,260,101,96
2071,569,94,78
2071,796,130,95
2071,296,65,40
2071,895,223,199
2071,850,159,129
2071,293,65,79
2071,48,65,89
2071,677,147,134
2071,907,141,96
2071,642,70,41
2071,469,63,80
2071,947,130,90
2071,316,150,130
2072,541,155,4
2072,572,231,0
2072,487,166,14
2072,766,467,5
2072,688,87,0
2072,744,170,0
2072,727,121,0
2072,876,141,0
2072,961,229,9
2072,952,94,0
2072,1,95,0
2072,532,342,4
2072,830,89,0
2072,43,79,20
2072,332,267,4
2072,638,153,12
2072,793,167,0
2072,547,202,5
2072,698,231,8
2072,922,342,4
2072,900,235,0
2072,463,97,0
2072,202,198,5
2072,546,108,3
2072,596,170,0
2072,951,87,0
2072,113,89,1
2072,431,123,0
2072,958,239,0
2072,691,89,0
2072,611,204,0
2072,528,432,5
2072,100,87,0
2072,959,221,8
2072,990,168,0
2072,422,481,5
2072,716,143,0
2072,539,351,9
2072,930,120,2
2072,194,118,0
2072,289,140,0
2072,348,198,4
2072,358,306,4
2072,309,94,0
2072,981,110,0
2072,989,108,0
2072,726,325,9
2072,318,141,2
2072,805,195,5
2072,53,94,0
2072,433,143,4
2072,335,90,0
2072,831,108,5
2072,562,327,4
2072,92,84,7
2072,772,327,0
2072,898,92,0
2072,518,194,2
2072,711,140,5
2072,32,175,0
2072,761,145,0
2072,243,97,0
2072,978,335,10
2072,865,277,13
2072,291,256,6
2072,893,229,0
2072,6,120,0
2072,531,204,5
2072,616,198,4
2072,443,145,4
2072,36,193,0
2072,664,472,5
2072,91,128,0
2072,300,145,3
2072,402,128,0
2072,983,91,0
2072,669,263,5
2072,58,322,4
2072,855,311,4
2072,844,469,5
2072,60,94,0
2072,99,202,0
2072,872,93,3
2072,267,173,0
2072,407,317,4
2072,481,95,0
2072,834,91,0
2072,445,89,0
2072,23,198,5
2072,771,478,5
2072,434,114,0
2072,349,317,4
2072,506,148,1
2072,556,175,0
2072,812,200,0
2072,251,165,0
2072,523,104,4
2072,869,469,4
2072,249,87,0
2072,90,200,5
2072,153,333,4
2072,401,196,4
2072,559,299,4
2072,50,149,4
2072,818,173,0
2072,994,193,5
2072,849,198,4
2072,497,269,6
2072,329,239,4
2072,757,151,4
2072,78,461,5
2072,973,171,0
2072,826,196,12
2072,508,271,4
2072,280,117,16
2072,391,191,5
2072,435,464,5
2072,720,467,5
2072,142,390,9
2072,622,192,2
2072,995,214,7
2072,938,121,0
2072,829,202,5
2072,690,241,8
2072,770,336,3
2072,405,97,0
2072,425,308,4
2072,707,335,8
2072,110,202,4
2072,908,481,5
2072,367,96,1
2072,695,202,4
2072,365,94,0
2072,96,156,2
2073,895,237,25
2073,773,80,7
2073,144,71,10
2073,874,174,20
2073,566,139,47
2073,364,157,12
2073,856,70,0
2073,232,72,3
2073,947,127,18
2073,330,240,26
2073,650,71,6
2073,513,71,8
2073,452,171,15
2073,473,262,31
2073,686,81,8
2073,897,273,20
2073,701,68,12
2073,787,116,8
2073,934,70,9
2073,681,157,13
2073,696,92,0
2073,838,154,7
2073,298,154,13
2073,139,72,0
2073,552,91,12
2073,38,92,9
2073,993,168,16
2073,469,62,15
2073,796,139,16
2073,932,128,2
2073,396,101,13
2073,536,100,14
2073,361,153,13
2073,850,157,29
2073,228,128,0
2073,569,123,8
2073,260,99,18
2073,399,173,20
2073,242,177,18
2073,728,255,0
2073,668,110,11
2073,440,110,11
2073,537,155,22
2073,864,132,18
2073,437,94,6
2073,46,286,24
2073,206,165,29
2073,555,154,9
2073,485,68,8
2073,345,128,0
2073,273,133,18
2073,944,258,15
2073,51,153,14
2073,129,98,12
2073,804,151,12
2073,644,66,0
2073,386,98,0
2073,42,174,18
2073,824,222,29
2073,380,72,0
2073,180,70,3
2073,112,72,4
2073,906,133,0
2073,3,67,6
2073,178,222,37
2073,156,68,1
2073,381,127,4
2073,781,68,0
2073,621,72,3
2073,423,282,22
2073,563,181,4
2073,550,72,14
2073,296,61,8
2073,170,125,25
2073,486,182,22
2073,659,165,22
2073,929,316,18
2073,953,109,9
2073,316,161,24
2073,151,222,45
2073,712,145,24
2073,816,79,7
2073,324,156,8
2073,641,100,10
2073,714,70,0
2073,636,92,0
2073,586,157,18
2073,374,96,0
2073,496,77,22
2073,991,159,25
2073,694,130,7
2073,671,132,2
2073,759,161,20
2073,840,101,21
2073,763,97,15
2073,347,75,6
2073,786,232,23
2073,341,115,13
2073,907,133,2
2073,213,92,0
2073,739,211,15
2073,913,151,19
2073,453,262,20
2073,328,68,5
2073,583,69,5
2073,471,149,48
2073,751,255,31
2073,642,71,10
2073,702,163,22
2073,489,300,27
2073,390,184,18
2073,651,108,13
2073,293,67,9
2073,543,157,22
2073,48,67,16
2073,774,171,18
2073,854,286,24
2073,321,265,20
2073,769,75,3
2073,344,67,13
2073,725,178,13
2074,933,159,0
2074,902,206,23
2074,369,80,0
2074,917,292,27
2074,588,184,0
2074,557,118,0
2074,493,185,12
2074,892,238,15
2074,778,115,0
2074,676,92,6
2074,517,121,18
2074,307,133,12
2074,166,126,15
2074,223,159,0
2074,960,293,23
2074,587,160,0
2074,925,131,10
2074,724,313,29
2074,271,86,0
2074,679,159,11
2074,475,111,10
2074,373,123,10
2074,77,289,22
2074,581,157,10
2074,34,83,5
2074,375,111,9
2074,585,79,17
2074,762,184,16
2074,303,224,19
2074,253,269,30
2074,211,156,0
2074,788,115,0
2074,146,192,20
2074,212,226,15
2074,570,114,10
2074,101,342,22
2074,918,324,27
2074,482,84,1
2074,196,116,0
2074,745,109,13
2074,16,187,0
2074,52,184,14
2074,264,84,0
2074,158,160,17
2074,880,136,7
2074,465,269,27
2074,685,302,21
2074,779,197,27
2074,366,83,1
2074,505,115,12
2074,750,119,10
2074,317,207,22
2074,417,187,14
2074,867,156,12
2074,111,154,9
2074,674,127,15
2074,548,241,50
2074,172,138,11
2074,967,83,20
2074,706,133,6
2074,630,162,0
2074,82,115,15
2074,760,210,17
2074,442,201,22
2074,346,206,19
2074,450,181,48
2074,224,150,30
2074,921,97,16
2074,387,275,23
2074,193,156,13
2074,163,184,30
2074,945,169,16
2074,88,138,8
2074,680,159,4
2074,625,199,26
2074,510,282,35
2074,567,97,5
2074,256,82,3
2074,835,108,39
2074,507,133,13
2074,515,351,22
2074,660,182,13
2074,806,282,36
2074,603,280,25
2074,269,160,2
2074,85,123,10
2074,86,118,0
2074,430,167,43
2074,326,280,29
2074,916,114,14
2074,283,111,13
2074,809,278,24
2074,9,89,0
2074,460,88,0
2074,969,83,9
2074,311,108,22
2074,10,160,12
2074,807,300,21
2074,214,219,15
2074,352,105,36
2074,594,245,46
2074,891,129,7
2074,777,189,14
2074,218,216,15
2074,743,175,20
2074,45,185,12
2074,752,279,24
2074,821,116,14
2074,117,79,9
2074,83,185,16
2074,783,105,0
2074,230,130,9
2074,604,136,12
2074,657,185,21
2074,103,190,40
2074,627,111,0
2074,157,313,30
2074,234,184,14
2074,628,159,22
2074,12,83,4
2074,105,184,16
2074,971,187,16
2074,878,115,20
2074,429,263,39
2075,781,70,34
2075,386,97,37
2075,929,217,166
2075,473,215,163
2075,566,145,141
2075,895,218,177
2075,396,93,70
2075,796,127,84
2075,763,89,74
2075,206,151,125
2075,773,68,31
2075,440,101,68
2075,550,69,79
2075,156,65,34
2075,824,222,161
2075,897,218,167
2075,864,125,88
2075,728,208,159
2075,701,70,37
2075,714,71,35
2075,232,72,34
2075,151,231,161
2075,843,217,165
2075,344,66,39
2075,725,146,114
2075,694,123,34
2075,659,151,125
2075,677,151,115
2075,804,129,78
2075,644,69,75
2075,751,208,182
2075,242,151,127
2075,170,130,86
2075,112,72,32
2075,489,234,155
2075,913,146,75
2075,636,94,84
2075,621,71,35
2075,38,90,34
2075,641,96,66
2075,991,152,106
2075,671,131,87
2075,651,92,67
2075,316,154,115
2075,281,92,64
2075,569,92,68
2075,453,217,167
2075,3,67,35
2075,907,138,86
2075,296,64,36
2075,932,128,69
2075,213,94,66
2075,537,155,120
2075,437,88,41
2075,947,132,80
2075,129,90,65
2075,471,148,115
2075,850,156,111
2075,298,125,88
2075,380,73,33
2075,73,152,119
2075,513,73,35
2075,496,62,117
2075,686,84,37
2075,345,133,62
2075,934,72,36
2075,321,228,167
2075,906,132,84
2075,838,131,84
2075,555,131,81
2075,341,98,61
2075,390,151,113
2075,563,155,109
2075,42,155,117
2075,786,205,157
2075,840,96,66
2075,286,101,64
2075,347,76,35
2075,536,99,70
2075,874,148,121
2075,381,124,66
2075,993,148,125
2075,328,68,35
2075,51,130,80
2075,452,146,137
2075,178,222,178
2075,46,223,155
2075,759,154,126
2075,48,64,82
2075,469,62,71
2075,260,99,85
2075,361,130,78
2075,180,72,35
2075,191,124,82
2075,774,159,115
2075,399,154,115
2075,816,67,32
2075,273,138,82
2075,712,151,122
2075,642,68,38
2075,668,94,67
2075,702,163,120
2075,423,208,181
2075,324,127,84
2075,330,204,160
2075,552,93,70
2075,650,68,37
2075,543,149,126
2075,953,89,73
2075,787,100,61
2075,114,129,84
2075,583,68,32
2075,586,149,125
2075,486,149,116
2075,854,214,170
2075,144,73,39
2075,696,92,67
2075,364,122,79
2075,293,64,70
2075,485,68,34
2075,944,220,159
2075,739,157,113
